Host family,Host genus,Host species,MSW Bionomial,MaleBW(kg),FemBW(kg),SpecRW(kg),MaleL(cm),FemL(cm),SpecL(cm),MaleBrainW(g),FemBrainW(g),SpecBrainW(g),MaleSkullL(mm),FemSkullL(mm),WeightDim,LengthDim,BrainDim,SkullDim,field20,LitterSize,Gest(days),BirthW(g),LittW(g),Wean(days),IndepAge(days), MaleSexMat(days),FemSexMat(days),IntBirthInt(months),EyesOpen(days),ParturitionHabitat,field32,CapLongev(months),WildLongev(months),Longevity(months),Diet,Activity,field38,MassSpecBMR(mL O2/min),TotBMR(mL O2/min),BodyTemp(Â°C),Hematocrit(%),Hb (g% or g/100 mL),RBC(x10^6/mm3) or (x10^12/L),O2Capacity(mL/100 mL),O2CombiningCapacity (mL O2/g Hb),BloodVolume(mL/kg body mass),HeartRate (beats/min),field49,MS,Groupsize,PopDens(per km2),HomeRange(km2),Migratory,Territoriality,Habitat
Felidae,Acinonyx,jubatus,Acinonyx jubatus,57.60,60.00,58.8,,,148.48,114.00,106.00,110.00,,,0.96,,1.07,,,3.80,91.00,388.42,1475.99,109.00,465.00,645.00,645.00,18.00,9.03,Land,,228.00,,228.00,Carnivore,Diurnal,,5.83,343.00,,36.46,13.98,7.36,,,,,,,Solitary,6.61157024793388e-03,90.00,,Yes,Terrestrial
Ursidae,Ailuropoda,melanoleuca,Ailuropoda melanoleuca,139.00,97.00,118,,,135,263.60,205.00,234.30,,,1.43,,1.28,,,1.70,50.00,104.80,178.16,180.00,540.00,2372.50,2160.00,18.00,44.00,Land,,360.00,,360.00,Folivore / Frugivore,Nocturnal and Crepuscular,,,,,,,,,,,,,,Solitary,0.11,5.15,,Yes,Terrestrial
Ursidae,Ailurus,fulgens,Ailurus fulgens,5.00,4.90,4.95,59.25,59.25,58,41.68,41.68,41.68,,,1.02,1.00,1.00,,,2.00,134.20,120.00,240.00,90.00,270.00,555.00,540.00,12.00,18.00,Land,,168.00,,168.00,Folivore / Frugivore,Nocturnal and Crepuscular,,2.59,12.82,37.60,,,,,,,,,,Solitary,,3.40,,Yes,Terrestrial
Canidae,Alopex,lagopus,Alopex lagopus,3.50,2.90,3.2,,,56.65,34.00,37.00,35.50,,,1.20,,0.91,,,7.10,53.30,66.00,468.60,67.00,165.00,327.85,300.00,12.00,15.03,Land,,180.00,120.00,180.00,Carnivore,Arrhythmic,,8.47,27.12,38.60,48.00,15.10,8.00,,,,103.05,,Monogamous,Pairs,,18.85,No?,Yes,Terrestrial
Mustelidae,Amblonyx,cinereus,Amblonyx cinereus,,,3.52,,,51.8,,,38.09,,,,,,,,1.75,62.00,57.00,99.75,80.00,,,,6.00,40.00,Land,,121.00,,121.00,Carnivore,Nocturnal,,,,,,,,,,,,,,Groups,,,,,Semi-Aquatic
Mustelidae,Aonyx,capensis,Aonyx capensis,20.00,18.00,19,,,80,97.00,93.00,95.00,,,1.11,,1.04,,,2.62,63.00,,,,365.00,,,,27.11,Land,,132.00,,132.00,Omnivore,Nocturnal and Crepuscular,,,,,,,,,,,,,,Pairs,0.35,131.40,,Yes,Semi-Aquatic
Mustelidae,Aonyx,congicus,Aonyx congicus,,,19.64,,,83.56,,,,,,,,,,,2.50,60.00,,,,,365.00,365.00,,,Land,,12.00,,,Omnivore,,,,,,,,,,,,,,,,,,,,Semi-Aquatic
Viverridae,Arctictis,binturong,Arctictis binturong,13.00,13.00,13,,,78.75,42.00,38.00,40.00,,,1.00,,1.10,,,2.64,90.30,317.35,838.50,150.00,,831.00,912.00,8.00,3.00,Land,,272.00,216.00,272.00,Folivore / Frugivore,Nocturnal,,1.95,25.45,36.70,,,,,,,,,,Solitary,,,,Yes?,Terrestrial
Otariidae,Arctocephalus,australis,Arctocephalus australis,159.00,48.50,103.75,189.25,141.25,165.25,350.00,265.00,307.50,251.99,206.55,3.27,1.33,1.32,1.21,,1.00,236.25,4400.00,4400.00,540.00,,2555.00,1095.00,12.00,0.00,Land,,,252.00,252.00,Omnivore,Nocturnal,,,,,49.30,16.80,,,,,,,Polygynous,,,,No,No,Aquatic
Otariidae,Arctocephalus,forsteri,Arctocephalus forsteri,164.37,55.00,109.68,199.37,141.87,170.62,340.00,300.00,320.00,228.08,205.66,2.98,1.40,1.13,1.10,,1.00,232.50,3875.00,3875.00,330.00,,3650.00,1825.00,12.00,0.00,Land,,,180.00,180.00,Omnivore,Nocturnal,,,,,47.60,16.90,5.41,22.60,,,,,Polygynous,,,,No,No,Aquatic
Otariidae,Arctocephalus,galapagoensis,Arctocephalus galapagoensis,64.50,27.40,45.95,151.25,120.00,135.62,302.50,280.00,291.25,206.82,176.62,2.35,1.26,1.08,1.17,,1.00,210.00,3500.00,3500.00,1080.00,1095.00,2920.00,1460.00,36.00,0.00,Land,,,264.00,264.00,Omnivore,Nocturnal,,4.51,207.23,37.70,,,,,,,,,Polygynous,,,,No,No,Aquatic
Otariidae,Arctocephalus,gazella,Arctocephalus gazella,155.00,38.20,96.6,185.90,128.75,157.32,360.00,322.00,341.00,240.65,191.77,4.05,1.44,1.11,1.25,,1.00,233.25,5433.33,5433.33,118.50,,1825.00,1277.50,12.00,0.00,Land,,,276.00,276.00,Krill,Nocturnal,,,,,,,,,,,,,Polygynous,,22.00,,No,No,Aquatic
Otariidae,Arctocephalus,philippii,Arctocephalus philippii,140.00,50.00,95,200.00,140.00,170,415.00,,415.00,254.42,,2.80,1.42,,,,1.00,,,,,,,,12.00,,Land,,,,,Omnivore,,,,,,,,,,,,,,Polygynous,,,,No,No,Aquatic
Otariidae,Arctocephalus,pusillus,Arctocephalus pusillus,279.50,78.00,178.75,220.00,161.00,190.5,401.25,337.50,369.37,283.02,227.93,3.58,1.36,1.18,1.24,,1.00,240.00,6000.00,6000.00,365.00,,1460.00,1231.87,12.00,0.00,Land,,252.00,252.00,252.00,Carnivore,Nocturnal,,,,37.50,39.00,13.60,4.04,,,,85.00,,Polygynous,Solitary,,,No,No,Aquatic
Otariidae,Arctocephalus,townsendi,Arctocephalus townsendi,145.00,49.55,97.27,200.30,141.60,170.95,,,,,,2.92,1.41,,,,1.00,,,,330.00,,,,12.00,0.00,Land,,,288.00,288.00,Carnivore?,,,,,,,,,,,,,,Polygynous,,,,No,No,Aquatic
Otariidae,Arctocephalus,tropicalis,Arctocephalus tropicalis,152.50,50.00,101.25,180.00,145.00,162.5,322.50,330.00,326.25,222.95,192.00,3.05,1.24,0.97,1.16,,1.00,231.75,4900.00,4900.00,330.00,,1277.50,1733.75,12.00,0.00,Land,,,276.00,276.00,Omnivore,,,,,,,,,,,,,,Polygynous,,,,No,No,Aquatic
Viverridae,Arctogalidia,trivirgata,Arctogalidia trivirgata,2.40,2.40,2.4,,,52.84,23.00,21.00,22.00,,,1.00,,1.09,,,2.80,45.00,,,60.00,,,730.00,6.00,11.02,Land,,190.00,132.00,190.00,Omnivore,Nocturnal,,4.79,11.50,36.20,,,,,,,,,,Solitary,,,,,Terrestrial
Mustelidae,Arctonyx,collaris,Arctonyx collaris,,,10.49,,,69.22,,,49.40,,,,,,,,3.00,42.00,58.00,174.00,,,,,,,Land,,167.00,,167.00,Omnivore,Nocturnal,,,,,,,,,,,,,,,,,,,Terrestrial
Canidae,Atelocynus,microtis,Atelocynus microtis,,,9.02,,,83.35,,,62.17,146.90,,,,,,,,,,,,,,,,,Land,,132.00,,132.00,,,,,,,,,,,,,,,,,,,,,Terrestrial
Herpestidae,Atilax,paludinosus,Atilax paludinosus,4.10,3.30,3.7,51.38,48.72,50.05,30.00,27.00,28.50,,,1.24,1.05,1.11,,,2.50,74.10,100.00,250.00,38.00,,255.50,,6.00,11.50,Land,,209.00,,209.00,Omnivore,Nocturnal and Crepuscular,,,,,,,,,,,,,,Solitary,,,,Yes,Semi-Aquatic
Procyonidae,Bassaricyon,alleni,Bassaricyon alleni,,500,0,,,0,,,,,,,,,,,,,,,,,,,,,Land,,,,,,,,,,,,,,,,,,,,,,,,,Terrestrial
Procyonidae,Bassaricyon,beddardi,Bassaricyon beddardi,,2500,0,,,0,,,,,,,,,,,,,,,,,,,,,Land,,,,,,,,,,,,,,,,,,,,,,,,,Terrestrial
Procyonidae,Bassaricyon,gabbii,Bassaricyon gabbii,,800,1.44,,,41.25,,,19.29,,,,,,,,1.00,73.50,55.00,55.00,90.00,,547.50,630.00,,18.50,Land,,300.00,120.00,300.00,Omnivore,Nocturnal,,,,,,,,,,,,,,Solitary,,,,,Terrestrial
Procyonidae,Bassaricyon,lasius,Bassaricyon lasius,,455,0,,,0,,,,,,,,,,,,,,,,,,,,,Land,,,,,,,,,,,,,,,,,,,,,,,,,Terrestrial
Procyonidae,Bassaricyon,pauli,Bassaricyon pauli,,4255,0,,,0,,,,,,,,,,,,,,,,,,,,,Land,,,,,,,,,,,,,,,,,,,,,,,,,Terrestrial
Procyonidae,Bassariscus,astutus,Bassariscus astutus,1.03,0.87,0.95,,,34,17.00,16.00,16.50,,,1.18,,1.06,,,3.00,52.00,28.00,84.00,120.00,180.00,300.00,300.00,12.00,33.12,Land,,192.00,198.00,198.00,Omnivore,Nocturnal,,,,37.60,,,,,,,,,,Solitary,6.58,1.13,,Yes,Terrestrial
Procyonidae,Bassariscus,sumichrasti,Bassariscus sumichrasti,1.28,0.53,0.9,,,42.5,,,19.29,,,2.41,,,,,2.00,,,,120.00,,,730.00,,,Land,,96.00,276.00,276.00,Omnivore,Nocturnal,,8.25,7.47,38.80,,,,,,,,,,Solitary,,,,,Terrestrial
Herpestidae,Bdeogale,crassicauda,Bdeogale crassicauda,1.93,1.57,1.75,45.00,45.00,44.58,,,16.94,84.35,84.35,1.22,1.00,,1.00,,1.00,,,,,,,,,,Land,,,,,Insectivore,Nocturnal,,,,,,,,,,,,,,Solitary,,,,,Terrestrial
Herpestidae,Bdeogale,jacksoni,Bdeogale jacksoni,,745,0,,,0,,,21.97,,,,,,,,,,,,,,,,,,Land,,,,,,,,,,,,,,,,,,,,,,,,,Terrestrial
Herpestidae,Bdeogale,nigripes,Bdeogale nigripes,,,2.75,,,61.32,,,21.97,,,,,,,,1.00,,,,,,,,,,Land,,190.00,,190.00,Omnivore,Nocturnal,,,,,,,,,,,,,,Solitary,,,,,Terrestrial
Otariidae,Callorhinus,ursinus,Callorhinus ursinus,227.00,44.75,135.87,213.00,135.00,174,355.00,302.50,328.75,233.35,192.72,5.07,1.57,1.17,1.21,,1.00,240.00,5000.00,5000.00,120.00,120.00,1825.00,1460.00,12.00,0.00,Land,,300.00,420.00,420.00,Omnivore,Nocturnal and Crepuscular,,,,37.70,46.57,15.64,4.57,19.60,,109.00,100.00,,Polygynous,Solitary,18.00,,Yes,No,Aquatic
Canidae,Canis,adustus,Canis adustus,12.00,10.60,11.3,,,74.75,50.10,53.50,51.80,,,1.13,,0.93,,,4.30,63.30,,,67.00,330.00,270.00,210.00,,,Land,,137.00,,137.00,Omnivore,Nocturnal,,,,,,,,,,,,,,Pairs,,,,,Terrestrial
Canidae,Canis,aureus,Canis aureus,8.78,8.32,8.55,,,83,,,56.26,,,1.05,,,,,4.01,62.25,216.25,867.40,63.00,,414.37,408.75,12.00,7.50,Land,,192.00,,192.00,Omnivore,Nocturnal and Crepuscular,,,,,40.50,13.70,5.20,,,,,,Monogamous,Pairs,,10.00,,Yes,Terrestrial
Canidae,Canis,latrans,Canis latrans,11.50,9.70,10.6,,,87.5,92.10,84.50,88.30,,,1.18,,1.08,,,6.20,61.50,225.00,1395.00,98.00,255.00,435.00,365.00,12.00,11.94,Land,,262.00,174.00,262.00,Carnivore,Nocturnal and Crepuscular,,4.53,48.10,,49.00,15.40,7.70,,,,,,Monogamous,Pairs,0.48,37.33,Occasionally,Yes,Terrestrial
Canidae,Canis,lupus,Canis lupus,35.10,31.10,33.1,105.50,104.50,105,134.60,130.00,132.30,,,1.12,1.00,1.03,,,5.50,63.00,425.00,2337.50,67.00,180.00,656.25,1020.00,12.00,14.01,Land,,240.00,164.00,240.00,Carnivore,Arrhythmic,,5.66,187.56,38.00,43.50,14.80,6.20,,,86.20,84.00,,Monogamous,Groups,0.02,1365.05,,Yes,Terrestrial
Canidae,Canis,mesomelas,Canis mesomelas,8.20,7.20,7.7,,,70.93,61.60,52.00,56.80,,,1.13,,1.18,,,3.80,60.00,197.50,750.50,61.00,270.00,255.00,392.00,9.00,,Land,,168.00,,168.00,Omnivore,Crepuscular,,,,,,,,,,,,,Monogamous,Pairs,0.37,14.60,,Yes,Terrestrial
Canidae,Canis,rufus,Canis rufus,27.68,25.69,26.68,,,110.42,,,101.49,,,1.07,,,,,5.50,61.00,,,,,,697.50,12.00,,Land,,194.80,,194.80,Carnivore,Arrhythmic,,,,,,,,,,,,,,Pairs,,79.53,,Yes,Terrestrial
Canidae,Canis,simensis,Canis simensis,16.20,12.80,14.5,96.30,91.90,94.1,,,100.27,,,1.26,1.04,,,,,61.00,,,70.00,180.00,730.00,730.00,12.00,,Land,,,,,Carnivore,Diurnal,,,,,,,,,,,,,Monogamous,Groups,1.21,9.70,,Yes,Terrestrial
Felidae,Caracal,caracal,Caracal caracal,13.50,9.68,11.59,,,74.14,57.10,53.50,55.30,,,1.39,,1.06,,,3.00,73.50,232.50,697.50,123.00,365.00,397.50,450.00,12.00,9.97,Land,,204.00,,204.00,Carnivore,Nocturnal,,,,,39.50,13.00,9.04,,,,,,,Solitary,,,,Yes,Terrestrial
Felidae,Catopuma,badia,Catopuma badia,,,4.7,,,55,,,43.81,,,,,,,,,,,,,,,,,,Land,,,,,,,,,,,,,,,,,,,,,,,,,Terrestrial
Felidae,Catopuma,temminckii,Catopuma temminckii,,4.20,11.5,,,89,,,68.03,,,0.00,,,,,1.50,95.00,250.00,375.00,,,,,,,Land,,216.00,,216.00,Carnivore,,,,,,,,,,,,,,,Pairs,,,,,Terrestrial
Canidae,Cerdocyon,thous,Cerdocyon thous,6.00,6.00,5.74,,,65,43.10,40.50,41.80,,,1.00,,1.06,,,3.10,56.00,140.00,434.00,90.00,195.00,270.00,270.00,8.00,14.00,Land,,138.00,,138.00,Omnivore,Nocturnal,,4.61,26.48,38.20,,,,,,,,,Monogamous?,Pairs,,1.12,,Yes?,Terrestrial
Viverridae,Chrotogale,owstoni,Chrotogale owstoni,,,3.28,,,57.19,,,25.53,,,,,,,,,,,,,,,,,,Land,,,,,Omnivore,Nocturnal and Crepuscular,,,,,,,,,,,,,,Solitary,,,,,Terrestrial
Canidae,Chrysocyon,brachyurus,Chrysocyon brachyurus,23.80,22.85,23.32,,,124.94,124.00,116.00,120.00,,,1.04,,1.06,,,1.80,63.30,360.00,648.00,105.00,,,365.00,,9.03,Land,,162.00,,162.00,Omnivore,Nocturnal and Crepuscular,,,,,,,,,,,,,Monogamous,Pairs,,28.50,,Yes,Terrestrial
Viverridae,Civettictis,civetta,Civettictis civetta,12.38,11.92,12.15,,,79.25,35.00,39.00,37.00,,,1.03,,0.89,,,2.22,68.50,600.00,1337.14,140.00,,210.00,453.00,6.68,1.50,Land,,336.00,180.00,336.00,Omnivore,Nocturnal,,,,,,,,,,,,,,Solitary,,,,No,Terrestrial
Mustelidae,Conepatus,chinga,Conepatus chinga,2.37,1.46,1.91,,,41.98,,,,,,1.61,,,,,3.50,,,,,,,,,,Land,,79.00,,79.00,Omnivore,Nocturnal,,,,,,,,,,,,,,Solitary,,,,,Terrestrial
Mustelidae,Conepatus,humboldtii,Conepatus humboldtii,1.25,0.82,0,,,35.42,,,11.02,,,1.51,,,,,3.50,,,,,,,,,,Land,,,,,Insectivore,Nocturnal,,,,,,,,,,,,,,Solitary,,0.11,,,Terrestrial
Mustelidae,Conepatus,leuconotus,Conepatus leuconotus,,,3.39,,,42.26,,,14.43,,,,,,,,3.00,60.00,,,60.00,,,365.00,,25.00,Land,,84.00,,84.00,Insectivore,Nocturnal,,,,,,,,,,,,,,Solitary,,,,,Terrestrial
Mustelidae,Conepatus,mesoleucus,Conepatus mesoleucus,1.89,2.66,7.46,,,0,,,,,,0.70,,,,,3.25,60.00,,,,,315.00,315.00,6.00,25.00,Land,,,,,Insectivore,Nocturnal,,,,,,,,,,,,,,Solitary,,,,,Terrestrial
Mustelidae,Conepatus,semistriatus,Conepatus semistriatus,,,2.26,,,0,,,18.91,,,,,,,,3.50,,,,,,,,,,Land,,,,,Omnivore,Nocturnal,,,,,,,,,,,,,,Solitary,,,,,Terrestrial
Hyaenidae,Crocuta,crocuta,Crocuta crocuta,48.70,55.30,52,124.40,136.40,130.4,134.00,153.00,143.50,,,0.88,0.91,0.87,,,2.00,110.00,1500.00,3000.00,390.00,913.00,638.75,913.00,14.50,0.00,Land,,493.00,,493.00,Carnivore,Nocturnal,,,,,28.00,9.00,5.65,,,,,,Polygynous,Groups,0.16,25.00,,Yes,Terrestrial
Herpestidae,Crossarchus,alexandri,Crossarchus alexandri,,,1.5,,,45.03,,,11.24,,,,,,,,4.00,,,,,,,,,,Land,,,,,,,,,,,,,,,,,,,,,,,,,Terrestrial
Herpestidae,Crossarchus,ansorgei,Crossarchus ansorgei,0.70,,0.85,34.20,31.10,32.65,,,,62.60,62.60,,1.09,,1.00,,,,,,,,,,,,Land,,,,,Omnivore,Diurnal,,,,,,,,,,,,,,Groups,,,,,Terrestrial
Herpestidae,Crossarchus,obscurus,Crossarchus obscurus,1.55,1.31,1.43,,,34,10.10,9.50,9.80,,,1.18,,1.06,,,4.00,70.00,9.78,39.12,21.00,,270.00,270.00,4.00,12.00,Land,,108.00,,108.00,Omnivore,Diurnal,,,,,,,,,,,,,,Groups,,,,,Terrestrial
Viverridae,Cryptoprocta,ferox,Cryptoprocta ferox,,7.00,9.5,,,74.99,,,32.13,128.70,117.20,0.00,,,1.09,,3.00,90.00,100.00,300.00,123.50,525.00,,1095.00,,17.50,Land,,240.00,,240.00,Carnivore,Nocturnal and Crepuscular,,,,,,,,,,,,,,Solitary,,1.00,,,Terrestrial
Canidae,Cuon,alpinus,Cuon alpinus,17.80,13.80,15.8,100.50,100.50,97.5,95.00,95.00,95.00,181.00,181.00,1.28,1.00,1.00,1.00,,4.30,62.00,275.00,1182.50,57.00,210.00,365.00,365.00,12.00,14.01,Land,,186.00,,186.00,Carnivore,Arrhythmic,,,,,,,,,,,,,,Groups,0.62,35.00,,,Terrestrial
Herpestidae,Cynictis,penicillata,Cynictis penicillata,0.74,0.64,0.69,28.60,,30.39,11.00,10.00,10.50,,,1.16,,1.10,,,2.50,54.50,,,42.00,365.00,315.00,365.00,12.00,,Land,,182.00,180.00,182.00,Insectivore,Diurnal,,,,,,,,,,,,,,Groups,,10.17,,Yes,Terrestrial
Viverridae,Cynogale,bennettii,Cynogale bennettii,,,4,,,62.64,,,29.96,,,,,,,,2.50,,,,,,,,,,Land,,60.00,,60.00,Omnivore,Nocturnal and Crepuscular,,,,,,,,,,,,,,Solitary,,,,,Semi-Aquatic
Phocidae,Cystophora,cristata,Cystophora cristata,343.18,222.50,282.84,260.00,206.00,233,480.00,430.00,455.00,265.46,233.93,1.54,1.26,1.11,1.13,,1.00,234.00,22000.00,22000.00,11.00,7.50,1825.00,1095.00,12.00,0.00,Pack-ice,,304.36,420.00,420.00,Omnivore,,,3.71,1049.85,36.50,63.00,26.40,4.80,25.45,1.37,175.71,100.00,,Polygynous,Solitary,4.82213150063522e-03,,Yes,No,Aquatic
Viverridae,Diplogale,hosei,Diplogale hosei,,,0,,,60.09,,,15.48,,,,,,,,,,,,,,,,,,Land,,,,,Omnivore,Nocturnal,,,,,,,,,,,,,,Solitary,,,,,Terrestrial
Herpestidae,Dologale,dybowskii,Dologale dybowskii,,,0.37,,,29,,,5.98,,,,,,,,4.00,,,,,,,,,,Land,,,,,,,,,,,,,,,,,,,,,,,,,Terrestrial
Canidae,Dusicyon,australis,Dusicyon australis,,,0,,,96,,,,,,,,,,,,,,,,,,,,,Land,,,,,Carnivore,,,,,,,,,,,,,,,,,,,,Terrestrial
Mustelidae,Eira,barbara,Eira barbara,4.32,3.95,4.13,,,62,36.60,35.00,35.80,,,1.09,,1.04,,,2.62,64.00,83.00,217.87,95.00,,,664.37,,41.50,Land,,216.00,,216.00,Carnivore,Arrhythmic,,6.90,28.53,38.40,40.50,12.50,6.40,,,,,,,Solitary,,,,,Terrestrial
Mustelidae,Enhydra,lutris,Enhydra lutris,32.20,24.40,28.3,148.00,140.00,144,132.00,119.00,125.50,134.50,125.50,1.31,1.05,1.10,1.07,,1.00,120.00,1894.37,1894.37,180.00,182.00,2007.50,1095.00,12.00,0.00,Water,,204.00,360.00,360.00,Omnivore,Diurnal,,11.98,339.20,37.85,50.27,17.85,4.42,21.50,,91.00,151.50,,Polygynous,Solitary,6.46,2.45,No,Yes,Aquatic
Phocidae,Erignathus,barbatus,Erignathus barbatus,265.00,276.36,270.68,230.00,230.00,230,,460.00,417.50,212.07,217.33,0.95,1.00,0.00,0.97,,1.00,270.00,35500.00,35500.00,18.00,18.00,2372.50,2007.75,18.00,0.00,Pack-ice,,377.43,372.00,377.43,Omnivore,,,,,37.12,56.40,,,,,,,,Polygamous,Solitary,0.01,,Yes,No,Aquatic
Otariidae,Eumetopias,jubatus,Eumetopias jubatus,1000.00,287.55,643.77,300.00,240.15,270.07,747.50,575.00,661.25,399.89,314.55,3.47,1.24,1.30,1.27,,1.00,240.00,19500.00,19500.00,365.00,,1916.25,1825.00,12.00,0.00,Land,,228.00,360.00,360.00,Omnivore,Nocturnal,,,,38.50,40.20,14.68,3.95,19.95,1.30,,,,Polygynous,Groups,,,Yes,No,Aquatic
Viverridae,Eupleres,goudotii,Eupleres goudotii,2.10,2.10,2.1,,,56.25,17.00,17.00,17.00,,,1.00,,1.00,,,1.50,90.00,150.00,225.00,63.00,,,,,1.00,Land,,,,,Omnivore,Nocturnal and Crepuscular,,,,,,,,,,,,,,Solitary,,,,,Terrestrial
Felidae,Felis,bieti,Felis bieti,,,5.47,,,78.62,,,,,,,,,,,,,,,,,,,,,Land,,,,,,,,,,,,,,,,,,,,,,,,,Terrestrial
Felidae,Felis,chaus,Felis chaus,8.07,5.85,6.96,,,70.62,41.60,37.00,39.30,,,1.37,,1.12,,,2.90,65.00,135.50,392.95,102.00,,,330.00,4.86,11.94,Land,,144.00,,144.00,Carnivore,Arrhythmic,,,,,,12.20,5.60,,,,,,,,,,,,Terrestrial
Felidae,Felis,margarita,Felis margarita,3.12,2.68,2.9,,,51.28,,,24.53,,,1.16,,,,,4.12,61.00,39.00,160.87,,,,,6.50,14.00,Land,,,,,Carnivore,Nocturnal,,,,,,,,,,,,,,,,,,,Terrestrial
Felidae,Felis,nigripes,Felis nigripes,1.50,1.32,1.41,,,40.12,,,20.08,,,1.13,,,,,1.73,66.25,72.00,124.56,160.00,,,585.00,7.50,7.00,Land,,,132.00,132.00,Carnivore,Nocturnal and Crepuscular,,,,,,,,,,,,,,Solitary,,,,,Terrestrial
Felidae,Felis,silvestris,Felis silvestris,4.88,4.09,4.48,52.20,47.80,50,39.30,34.50,36.90,,,1.19,1.09,1.13,,,3.05,62.00,106.58,325.09,84.00,140.00,616.75,296.50,6.00,10.95,Land,,336.00,180.00,336.00,Carnivore,Arrhythmic,,11.83,53.07,,36.91,11.52,7.63,,,55.50,175.00,,,Solitary,,1.01,,Yes,Terrestrial
Viverridae,Fossa,fossana,Fossa fossana,2.00,1.60,1.8,,,49.26,21.60,18.00,19.80,,,1.25,,1.20,,,1.00,85.00,82.50,82.50,63.50,365.00,,730.00,12.00,2.50,Land,,132.00,,132.00,Omnivore,Nocturnal,,6.67,12.01,37.90,,,,,,,,,,Pairs,,1.00,,Yes,Terrestrial
Herpestidae,Galerella,flavescens,Galerella flavescens,,,0,,,0,,,,,,,,,,,,,,,,,,,,,Land,,,,,,,,,,,,,,,,,,,,,,,,,Terrestrial
Herpestidae,Galerella,pulverulenta,Galerella pulverulenta,0.89,0.69,0.79,,,35.04,,,11.02,,,1.28,,,,,2.25,,20.20,45.45,,,,,,,Land,,104.50,,104.50,Carnivore or Insectivore,Diurnal,,,,,,,,,,,,,,Solitary,10.00,42.00,,,Terrestrial
Herpestidae,Galerella,sanguinea,Galerella sanguinea,0.54,0.44,0.49,34.50,31.50,33,8.50,9.00,8.75,,,1.22,1.09,0.94,,,2.50,60.00,,,54.75,,,463.75,6.00,20.00,Land,,72.00,,72.00,Omnivore,Diurnal,,12.66,6.20,38.70,43.00,14.00,9.80,,,,,,,Solitary or Pairs,,0.87,,,Terrestrial
Herpestidae,Galerella,swalius,Galerella swalius,,,0,,,0,,,,,,,,,,,,,,,,,,,,,Land,,,,,,,,,,,,,,,,,,,,,,,,,Terrestrial
Mustelidae,Galictis,cuja,Galictis cuja,,,1,,,42.45,,,15.02,,,,,,,,,,,,,,,,,,Land,,87.00,,87.00,Carnivore,Diurnal,,,,,,,,,,,,,,Solitary?,,,,,Terrestrial
Mustelidae,Galictis,vittata,Galictis vittata,3.40,1.80,2.6,,,51.28,25.10,23.50,24.30,,,1.88,,1.06,,,2.00,,,,,,,,,,Land,,126.00,,126.00,Carnivore,Arrhythmic,,,,,44.00,14.40,6.25,,,,,,,Solitary?,,,,,Terrestrial
Herpestidae,Galidia,elegans,Galidia elegans,0.81,0.81,0.81,,,35.32,11.60,10.00,10.80,,,1.00,,1.16,,,1.00,69.86,47.50,47.50,56.00,,,730.00,12.00,5.00,Land,,158.00,,158.00,Omnivore,Diurnal,,,,,,,,,,,,,Monogamous,Solitary or Pairs,,0.23,,Yes?,Terrestrial
Herpestidae,Galidictis,fasciata,Galidictis fasciata,,,0,,,30.79,,,11.94,,,,,,,,1.00,,,,,,,,12.00,,Land,,3.00,,,Carnivore,Nocturnal and Crepuscular,,,,,,,,,,,,,,Pairs to family clans,,,,,Terrestrial
Herpestidae,Galidictis,grandidieri,Galidictis grandidieri,,,0,,,0,,,,,,,,,,,1.00,,,,,,,,12.00,,Land,,,,,,Nocturnal and Crepuscular,,,,,,,,,,,,,,,,,,,Terrestrial
Viverridae,Genetta,abyssinica,Genetta abyssinica,,,1.19,,,42.41,,,11.94,,,,,,,,,,,,,,,,,,Land,,,,,,,,,,,,,,,,,,,,,,,,,Terrestrial
Viverridae,Genetta,angolensis,Genetta angolensis,,,2.09,,,47.34,,,15.48,,,,,,,,,,,,,,,,,,Land,,,,,,Nocturnal,,,,,,,,,,,,,,,,,,,Terrestrial
Viverridae,Genetta,genetta,Genetta genetta,2.00,1.80,1.9,,,55.4,14.00,14.00,14.00,,,1.11,,1.00,,,2.22,71.80,77.75,172.79,175.00,,,1095.00,6.00,8.00,Land,,258.00,,258.00,Omnivore,Nocturnal,,,,,,,,,,,,,,,,25.70,,,Terrestrial
Viverridae,Genetta,johnstoni,Genetta johnstoni,,,0,,,0,,,,,,,,,,,,,,,,,,,,,Land,,,,,,,,,,,,,,,,,,,,,,,,,Terrestrial
Viverridae,Genetta,maculata,Genetta maculata,1.40,,1.95,,,0,,,7.38,,,,,,,,2.25,,,,,,,,,,Land,,,,,Omnivore,Nocturnal,,,,,,,,,,,,,,,,,,,Terrestrial
Viverridae,Genetta,servalina,Genetta servalina,,,1.31,,,48.78,,,15.02,,,,,,,,1.50,,,,,,,,,,Land,,,,,Omnivore,Nocturnal,,,,,,,,,,,,,,,,,,,Terrestrial
Viverridae,Genetta,thierryi,Genetta thierryi,,,0,,,41.98,,,11.70,,,,,,,,,,,,,,,,,,Land,,,,,,,,,,,,,,,,,,,,,,,,,Terrestrial
Viverridae,Genetta,tigrina,Genetta tigrina,2.10,2.02,2.06,,,54.5,15.10,15.50,15.30,,,1.03,,0.97,,,2.50,70.00,85.50,213.75,56.00,,,730.00,10.00,11.94,Land,,180.00,,180.00,Omnivore,Nocturnal,,7.33,15.10,38.50,,,,,,,,,,Solitary,,,,,Terrestrial
Viverridae,Genetta,victoriae,Genetta victoriae,,,2.5,,,57.24,,,20.90,,,,,,,,,,,,,,,,,,Land,,,,,,,,,,,,,,,,,,,,,,,,,Terrestrial
Mustelidae,Gulo,gulo,Gulo gulo,12.85,10.35,11.6,83.07,74.27,78.67,84.50,72.50,78.50,150.73,140.00,1.24,1.11,1.16,1.07,,2.80,35.00,99.20,277.76,70.00,639.00,702.91,668.59,27.00,27.94,Land,,216.00,204.00,216.00,Carnivore,Nocturnal,,7.04,81.77,38.00,,,,,,,,,Polygamous,Solitary,7.91614425842614e-03,549.56,,Yes,Terrestrial
Phocidae,Halichoerus,grypus,Halichoerus grypus,233.00,155.00,194,216.35,180.00,198.17,342.50,272.50,307.50,279.41,227.14,1.50,1.20,1.25,1.23,,1.00,242.00,14468.75,14468.75,19.53,21.00,2190.00,1642.50,12.00,0.00,Pack-ice,,560.07,552.00,560.07,Carnivore,,,3.31,643.43,36.50,56.00,19.02,5.13,22.15,1.31,194.03,127.50,,Polygynous,,,,No,No,Aquatic
Ursidae,Helarctos,malayanus,Helarctos malayanus,65.00,50.00,57.5,,,122.44,,,354.24,,,1.30,,,,,1.50,96.10,325.00,487.50,90.00,,,,,14.00,Land,,297.00,,297.00,Folivore / Frugivore,Nocturnal,,,,,,,,,,,,,,Solitary or Groups,,,,,Terrestrial
Herpestidae,Helogale,hirtula,Helogale hirtula,,,0.81,,,23.04,,,5.00,,,,,,,,,,,,,,,,,,Land,,,,,Insectivore,Diurnal,,,,,,,,,,,,,Monogamous,,,,,,Terrestrial
Herpestidae,Helogale,parvula,Helogale parvula,0.24,0.24,0.24,,,20.21,4.50,5.00,4.75,,,0.99,,0.90,,,3.60,51.00,,,21.00,,,300.00,4.66,,Land,,131.00,,131.00,Insectivore,Diurnal,,,,,,,,,,,,,Monogamous,Groups,,0.30,,,Terrestrial
Viverridae,Hemigalus,derbyanus,Hemigalus derbyanus,0.80,0.86,0.83,,,46,22.00,16.00,19.00,,,0.93,,1.37,,,1.50,,125.00,187.50,70.00,,,,,9.75,Land,,144.00,,144.00,Omnivore,Nocturnal,,,,,,,,,,,,,,Solitary,,,,,Terrestrial
Felidae,Herpailurus,yaguarondi,Herpailurus yaguarondi,7.00,,6.87,,,66.05,,,40.04,,,,,,,,2.75,73.41,,,,,,912.50,6.00,,Land,,127.83,,127.83,Carnivore,Arrhythmic,,,,,,,,,,,,,,Solitary or Pairs,0.52,,,No,Terrestrial
Herpestidae,Herpestes,brachyurus,Herpestes brachyurus,1.59,0.79,1.19,,,41.57,14.00,11.00,12.50,,,2.01,,1.27,,,3.50,,,,,,,,,,Land,,,,,Piscivorous?,Nocturnal?,,,,,,,,,,,,,,,,,,,Terrestrial
Herpestidae,Herpestes,edwardsii,Herpestes edwardsii,1.52,1.04,1.28,,,39.94,11.00,10.00,10.50,,,1.46,,1.10,,,2.58,60.50,,,35.00,,,270.00,3.60,16.50,Land,,,,,Omnivore,Diurnal,,,,,,,,,,,,,,Solitary,,,,,Terrestrial
Herpestidae,Herpestes,ichneumon,Herpestes ichneumon,3.20,2.90,3.05,,,57.5,23.60,23.00,23.30,,,1.10,,1.02,,,3.30,72.75,,,60.00,365.00,730.00,730.00,12.00,,Land,,240.00,144.00,240.00,Omnivore,Arrhythmic,,,,,,,,,,,,,,Pairs to family clans,,,,,Terrestrial
Herpestidae,Herpestes,javanicus,Herpestes javanicus,1.03,0.53,0.78,29.77,23.97,26.87,7.50,7.00,7.25,,,1.94,1.24,1.07,,,2.67,46.00,21.00,56.17,45.50,84.00,180.00,200.00,6.00,18.50,Land,,120.00,,120.00,Omnivore,Diurnal,,12.50,9.75,38.93,49.60,11.20,,,,,,,,Solitary,,0.75,,,Terrestrial
Herpestidae,Herpestes,naso,Herpestes naso,,,3,,,55.43,,,25.53,,,,,,,,,,,,,,,,,,Land,,,,,,Nocturnal,,,,,,,,,,,,,,,,,,,Terrestrial
Herpestidae,Herpestes,palustris,Herpestes palustris,,,0.74,,,30.79,,,7.24,,,,,,,,,,,,,,,,,,Land,,,,,,,,,,,,,,,,,,,,,,,,,Terrestrial
Herpestidae,Herpestes,semitorquatus,Herpestes semitorquatus,,,0,,,0,,,,,,,,,,,,,,,,,,,,,Land,,,,,,,,,,,,,,,,,,,,,,,,,Terrestrial
Herpestidae,Herpestes,smithii,Herpestes smithii,2.15,1.25,1.7,,,40.74,14.10,13.50,13.80,,,1.72,,1.04,,,2.50,,,,,,,,,,Land,,,,,Omnivore,Nocturnal,,,,,,,,,,,,,,Pairs,,,,,Terrestrial
Herpestidae,Herpestes,urva,Herpestes urva,2.72,2.04,2.38,,,50.77,22.00,20.00,21.00,,,1.33,,1.10,,,3.00,63.00,,,,,,,,,Land,,160.00,,160.00,Omnivore,Nocturnal,,,,,48.50,15.30,11.60,,,,,,,,,,,,Terrestrial
Herpestidae,Herpestes,vitticollis,Herpestes vitticollis,3.06,1.70,2.38,,,47.81,25.60,26.00,25.80,,,1.80,,0.98,,,3.00,,,,,,,,,,Land,,,,,,Arrhythmic,,,,,,,,,,,,,,,,,,,Terrestrial
Hyaenidae,Hyaena,hyaena,Hyaena hyaena,27.00,26.60,26.8,110.80,110.80,110.8,97.60,98.00,97.80,,,1.01,1.00,0.99,,,2.50,87.00,700.00,1750.00,120.00,,912.50,821.00,,7.03,Land,,288.00,288.00,288.00,Omnivore,Nocturnal and Crepuscular,,2.85,76.38,,44.50,15.60,7.75,,,,,,,Groups,,58.00,,Yes,Terrestrial
Phocidae,Hydrurga,leptonyx,Hydrurga leptonyx,324.00,367.00,345.5,287.00,322.48,304.74,765.00,660.00,712.50,374.04,408.64,0.88,0.88,1.15,0.91,,1.00,276.00,30000.00,30000.00,28.00,28.00,1460.00,1204.50,12.00,0.00,Pack-ice,,83.00,312.00,312.00,Omnivore,Arrhythmic?,,,,,,19.60,4.40,,,,,,,Solitary,0.11,,Yes,No,Aquatic
Herpestidae,Ichneumia,albicauda,Ichneumia albicauda,4.25,3.53,3.89,,,57.33,26.10,22.50,24.30,,,1.20,,1.16,,,2.50,,,,,270.00,730.00,730.00,,,Land,,144.00,,144.00,Insectivore,Nocturnal,,,,,,,,,,,,,,Solitary,4.30,4.40,,Yes,Terrestrial
Mustelidae,Ictonyx,libyca,Ictonyx libyca,0.22,,0.22,,,24.25,,,4.48,,,,,,,,2.00,37.00,,,,,,,,,Land,,60.00,,60.00,Omnivore,Nocturnal,,,,,,,,,,,,,,,,,,,Terrestrial
Mustelidae,Ictonyx,striatus,Ictonyx striatus,0.91,0.63,0.77,,,33.5,11.10,8.50,9.80,,,1.44,,1.30,,,2.30,36.00,15.00,34.50,56.00,,660.00,285.00,12.00,35.16,Land,,160.00,,160.00,Omnivore,Nocturnal,,,,,,,,,,,,,,Solitary,,,,,Terrestrial
Felidae,Leopardus,pardalis,Leopardus pardalis,13.01,10.75,11.88,79.83,67.31,73.57,67.60,60.00,63.80,134.81,121.00,1.21,1.18,1.12,1.11,,1.50,80.00,250.00,375.00,270.00,759.00,742.50,653.00,18.00,9.97,Land,,243.00,,243.00,Carnivore,Arrhythmic,,5.16,61.38,37.75,41.50,13.10,8.08,,,,,,,Solitary,0.39,6.36,,Yes?,Terrestrial
Felidae,Leopardus,tigrinus,Leopardus tigrinus,2.60,1.75,2.17,,,49.91,,,32.13,,,1.48,,,,,1.50,75.00,60.00,90.00,90.00,,,821.25,,17.00,Land,,240.00,,240.00,Carnivore,Arrhythmic,,,,,,,,,,,,,,,,,,,Terrestrial
Felidae,Leopardus,wiedii,Leopardus wiedii,,,3.28,,,63.2,,,33.78,,,,,,,,1.50,80.00,125.25,187.87,84.00,,,912.50,,13.50,Land,,240.00,,240.00,Carnivore,Nocturnal,,4.66,15.31,,,,,,,,,,,,,,,,Terrestrial
Felidae,Leptailurus,serval,Leptailurus serval,13.00,10.40,11.7,,,83.5,56.60,57.00,56.80,,,1.25,,0.99,,,2.40,71.00,254.00,631.20,145.00,,510.00,770.00,6.00,9.03,Land,,237.00,276.00,276.00,Carnivore,Arrhythmic,,,,,37.75,13.40,6.22,,,,,,,Solitary or Pairs,,2.40,,Yes,Terrestrial
Phocidae,Leptonychotes,weddellii,Leptonychotes weddellii,360.00,376.00,368,250.00,259.50,254.75,501.50,563.15,526.16,284.81,260.66,0.95,0.96,0.89,1.09,,1.00,262.75,29000.00,29000.00,45.00,50.00,1642.50,1095.00,12.00,0.00,Fast-ice,,7.00,300.00,300.00,Omnivore,Arrhythmic,,5.15,1895.20,36.70,58.72,23.70,3.73,33.68,1.34,181.10,60.00,,Polygynous,Solitary,0.12,,No,No,Aquatic
Herpestidae,Liberiictis,kuhni,Liberiictis kuhni,2.30,1.00,1.65,42.30,47.80,45.05,,,16.97,,,2.30,0.88,,,,,,,,,,,,,,Land,,,,,Omnivore,Diurnal,,,,,,,,,,,,,,Groups,,,Yes,,Terrestrial
Phocidae,Lobodon,carcinophagus,Lobodon carcinophagus,220.50,224.00,222.25,226.00,228.50,227.25,578.16,538.75,558.45,273.35,270.92,0.98,0.98,1.07,1.00,,1.00,255.00,22000.00,22000.00,31.50,29.75,1460.00,1277.50,12.00,0.00,Pack-ice,,1.00,468.00,468.00,Krill,Nocturnal and Crepuscular,,,,,,18.20,4.41,,,116.55,,,Monogamous?,Solitary,1.01,,No,No,Aquatic
Mustelidae,Lontra,canadensis,Lontra canadensis,8.60,7.80,8.2,,,68.51,55.10,50.50,52.80,,,1.10,,1.09,,,3.00,56.00,140.00,420.00,106.50,225.00,730.00,730.00,12.00,33.12,Land,,276.00,300.00,300.00,Carnivore,Nocturnal and Crepuscular,,,,,,,,,,,153.50,,,Solitary,1.12,18.68,,No,Semi-Aquatic
Mustelidae,Lontra,felina,Lontra felina,,,4.09,,,67.85,,,38.86,,,,,,,,3.25,61.50,,,,,,,12.00,,Land,,,,,,Diurnal,,,,,,,,,,,,,,,,,,,Semi-Aquatic
Mustelidae,Lontra,longicaudis,Lontra longicaudis,9.25,3.86,6.55,,,60.18,,,,,,2.39,,,,,,,,,,,,,,,Land,,,,,Carnivore,Nocturnal and Crepuscular,,,,,,,,,,,,,,,,,,,Semi-Aquatic
Mustelidae,Lontra,provocax,Lontra provocax,,,0,,,58.99,,,,,,,,,,,,,,,,,,,,,Land,,,,,,,,,,,,,,,,,,,,,,,,,Semi-Aquatic
Mustelidae,Lutra,lutra,Lutra lutra,10.70,7.10,8.9,,,69,45.00,39.00,42.00,,,1.50,,1.15,,,2.06,62.87,285.00,589.54,112.00,238.00,756.00,720.00,12.00,35.87,Land,,144.00,,144.00,Carnivore,Nocturnal,,7.50,66.75,,,,,,,,,,,Solitary,0.85,28.07,,Yes,Semi-Aquatic
Mustelidae,Lutra,maculicollis,Lutra maculicollis,4.58,3.50,4.04,,,59.58,47.00,33.00,40.00,,,1.30,,1.42,,,2.00,56.00,,,,,,730.00,12.00,,Land,,,,,Carnivore,Arrhythmic,,,,,,,,,,,,,,Pairs,,,,,Semi-Aquatic
Mustelidae,Lutra,sumatrana,Lutra sumatrana,,,6.48,,,76.5,,,,,,,,,,,,,,,,,,,,,Land,,,,,Carnivore,,,,,,,,,,,,,,,,,,,,Semi-Aquatic
Mustelidae,Lutrogale,perspicillata,Lutrogale perspicillata,10.26,7.30,8.78,,,88.89,69.00,61.00,65.00,,,1.40,,1.13,,,3.25,62.00,,,126.00,,,,,,Land,,180.00,,180.00,Carnivore,,,,,,,,,,,,,,,Pairs,,7.00,,,Semi-Aquatic
Canidae,Lycaon,pictus,Lycaon pictus,21.80,22.20,22,94.00,94.00,91.42,130.00,128.00,129.00,,,0.98,1.00,1.01,,,8.80,70.50,365.00,3212.00,77.00,390.00,944.25,660.00,13.00,11.94,Land,,132.00,,132.00,Carnivore,Diurnal,,11.10,244.27,38.50,46.00,16.86,8.16,,,,,,Monogamous,Groups,8.51063829787234e-03,2287.50,,No,Terrestrial
Mustelidae,Lyncodon,patagonicus,Lyncodon patagonicus,,,0.22,,,32.43,,,,,,,,,,,,,,,,,,,,,Land,,,,,,Nocturnal and Crepuscular,,,,,,,,,,,,,,,,,,,Terrestrial
Felidae,Lynx,canadensis,Lynx canadensis,10.01,8.59,9.3,72.52,68.36,70.44,,,69.40,,,1.16,1.06,,,,3.75,63.00,204.00,765.00,112.00,,730.00,660.00,12.00,14.00,Land,,321.00,,321.00,Carnivore,Nocturnal,,,,,,,,,,,,,,Solitary,0.03,30.00,,Yes,Terrestrial
Felidae,Lynx,lynx,Lynx lynx,20.80,17.80,19.3,,,85.37,71.50,68.50,70.00,,,1.16,,1.04,,,2.30,67.80,269.50,619.85,113.00,240.00,860.00,690.00,12.00,11.94,Land,,262.00,216.00,262.00,Carnivore,Arrhythmic,,,,,35.85,13.10,7.56,,,,,,,Solitary,0.03,52.50,,Yes,Terrestrial
Felidae,Lynx,pardinus,Lynx pardinus,12.80,9.30,11.05,,,96.29,,,78.25,,,1.37,,,,,2.50,68.00,,,,,,,,,Land,,,,,Carnivore,,,,,,,,,,,,,,,Solitary,,12.25,,Yes,Terrestrial
Felidae,Lynx,rufus,Lynx rufus,7.20,5.20,6.2,73.05,65.32,69.18,58.10,58.50,58.30,117.60,110.00,1.38,1.11,0.99,1.06,,3.20,63.00,311.50,996.80,60.00,365.00,730.00,593.00,12.00,8.00,Land,,388.00,186.00,388.00,Carnivore,Arrhythmic,,7.16,44.41,,45.00,14.40,9.26,,,,,,,Solitary,0.10,42.75,,Yes,Terrestrial
Viverridae,Macrogalidia,musschenbroekii,Macrogalidia musschenbroekii,6.10,4.17,5.13,71.50,66.50,69,,,38.86,,,1.46,1.07,,,,,,,,,,,,,,Land,,,,,Omnivore,,,,,,,,,,,,,,,Solitary?,,,,,Terrestrial
Mustelidae,Martes,americana,Martes americana,0.97,0.77,0.87,40.50,36.00,38.25,17.10,14.50,15.80,80.20,75.55,1.25,1.12,1.17,1.06,,2.60,26.50,28.00,72.80,46.00,,450.00,486.66,12.00,36.97,Land,,204.00,228.00,228.00,Carnivore,Arrhythmic,,11.00,9.57,,64.00,18.40,14.90,,,,,,Polygamous,Solitary,0.90,5.26,,Yes,Terrestrial
Mustelidae,Martes,flavigula,Martes flavigula,,3.40,2.5,,,55,,,34.12,,,0.00,,,,,2.50,143.50,57.50,143.75,90.00,,,1095.00,6.00,32.50,Land,,168.00,,168.00,Carnivore,Diurnal,,,,,,,,,,,,,Monogamous,Pairs,,,,No,Terrestrial
Mustelidae,Martes,foina,Martes foina,2.05,1.30,1.67,51.00,42.50,46,,,20.90,,,1.57,1.20,,,,3.78,29.50,30.00,113.57,67.50,,730.00,693.75,12.00,,Land,,217.00,,217.00,Carnivore,Nocturnal and Crepuscular,,,,,,,,,,,,,,Solitary,,1.80,,Yes,Terrestrial
Mustelidae,Martes,gwatkinsii,Martes gwatkinsii,,,2.03,,,51.28,,,,,,,,,,,,,,,,,,,,,Land,,,,,,Diurnal,,,,,,,,,,,,,,,,,,,Terrestrial
Mustelidae,Martes,martes,Martes martes,1.35,1.01,1.18,46.50,41.00,51.39,22.00,18.00,20.00,,,1.33,1.13,1.22,,,3.30,30.00,30.00,99.00,54.50,157.50,710.00,730.00,12.00,29.96,Land,,204.00,108.00,204.00,Carnivore,Nocturnal,,13.33,15.80,,,,,,,,,,Polygamous,Solitary,,7.00,,Yes,Terrestrial
Mustelidae,Martes,melampus,Martes melampus,,,1,,,44.18,,,18.72,,,,,,,,,,,,,,,,,,Land,,,,,,,,,,,,,,,,,,,,,,,,,Terrestrial
Mustelidae,Martes,pennanti,Martes pennanti,5.25,2.25,3.75,83.55,66.80,75.17,34.60,29.00,31.80,,,2.33,1.25,1.19,,,2.70,30.00,28.00,75.60,84.66,150.00,730.00,565.75,12.00,53.00,Land,,121.76,120.00,121.76,Carnivore,Arrhythmic,,,,,,,,,,,,,Polygamous,Solitary,0.01,25.00,,Yes,Terrestrial
Mustelidae,Martes,zibellina,Martes zibellina,1.33,1.03,1.18,47.50,42.75,45.12,20.00,17.00,18.50,,,1.29,1.11,1.17,,,3.00,28.00,32.50,97.50,49.00,,465.00,600.00,,35.16,Land,,180.00,,180.00,Omnivore,Arrhythmic,,,,,,,,,,,,,,,0.07,16.75,,Yes,Terrestrial
Mustelidae,Meles,meles,Meles meles,12.30,10.90,11.6,,,70.8,55.50,45.50,50.50,,,1.12,,1.21,,,3.00,42.00,93.06,279.18,91.87,210.00,441.04,488.57,12.00,35.16,Land,,194.00,,194.00,Insectivore,Nocturnal and Crepuscular,,4.80,55.68,,35.60,12.25,7.75,,,,,,Monogamous,Groups,,1.00,,,Terrestrial
Mustelidae,Mellivora,capensis,Mellivora capensis,8.57,7.59,8.08,,,68.5,81.60,64.00,72.80,,,1.12,,1.27,,,2.21,174.00,210.00,465.00,,,,,6.00,33.12,Land,,317.00,,317.00,Omnivore,Nocturnal and Crepuscular,,,,,,,,,,,,,,Solitary or Pairs,,,,,Terrestrial
Mustelidae,Melogale,everetti,Melogale everetti,,,0,,,0,,,,,,,,,,,2.00,,,,,,,,,,Land,,,,,Omnivore,Nocturnal and Crepuscular,,,,,,,,,,,,,,,,,,,Terrestrial
Mustelidae,Melogale,moschata,Melogale moschata,,,1.99,,,38.49,,,14.73,,,,,,,,2.00,,,,,,,,,,Land,,126.00,,126.00,Omnivore,Nocturnal and Crepuscular,,,,,,,,,,,,,,,,,,,Terrestrial
Mustelidae,Melogale,orientalis,Melogale orientalis,,,0,,,0,,,12.80,,,,,,,,2.00,,,,,,,,,,Land,,,,,Omnivore,Nocturnal and Crepuscular,,,,,,,,,,,,,,,,,,,Terrestrial
Mustelidae,Melogale,personata,Melogale personata,,,2,,,39.94,,,15.18,,,,,,,,2.50,,,,,,,,,,Land,,,,,Omnivore,Nocturnal and Crepuscular,,,,,,,,,,,,,,,,,,,Terrestrial
Ursidae,Melursus,ursinus,Melursus ursinus,,,100.74,,,160,,,304.90,,,,,,,,1.60,195.00,,,501.25,914.25,,1095.00,36.00,21.00,Land,,480.00,,480.00,Omnivore,Arrhythmic,,2.10,211.56,,49.00,17.50,6.31,,,,,,,Solitary,0.07,10.00,,,Terrestrial
Mustelidae,Mephitis,macroura,Mephitis macroura,1.19,1.10,1.15,,,30.79,,,9.48,,,1.07,,,,,4.75,58.00,,,,,,,,,Land,,,,,Insectivore,Nocturnal and Crepuscular,,,,,,,,,,,,,,Solitary,,,,,Terrestrial
Mustelidae,Mephitis,mephitis,Mephitis mephitis,2.80,2.00,2.4,,,40.07,10.60,10.00,10.30,,,1.40,,1.06,,,4.87,63.00,33.00,160.82,46.00,84.00,332.50,308.00,12.00,21.98,Land,,155.00,66.00,155.00,Omnivore,Nocturnal,,4.43,10.64,36.45,51.40,15.10,10.00,,,,166.00,,Polygynous,Solitary,8.83,3.26,,No,Terrestrial
Phocidae,Mirounga,angustirostris,Mirounga angustirostris,2275.00,700.00,1487.5,450.00,295.00,372.5,700.00,640.00,670.00,503.97,328.03,3.25,1.52,1.09,1.53,,1.00,229.50,37500.00,37500.00,28.00,27.20,1733.75,1186.25,12.00,0.00,Land,,243.50,168.00,243.50,Omnivore,Arrhythmic,,,,34.90,57.00,24.32,3.24,29.77,1.34,185.61,59.62,,Polygynous,,,,Yes,No,Aquatic
Phocidae,Mirounga,leonina,Mirounga leonina,3510.00,503.00,2006.5,467.00,270.00,368.5,1431.25,898.75,1165.00,477.22,316.22,6.97,1.72,1.59,1.50,,1.00,225.00,41000.00,41000.00,23.00,24.00,1733.75,1171.04,12.00,0.00,Land,,264.00,276.00,276.00,Cephalopods,Arrhythmic,,,,36.30,60.60,22.85,2.84,40.00,,206.97,39.60,,Polygynous,,,,No,No,Aquatic
Phocidae,Monachus,monachus,Monachus monachus,260.00,301.00,280.5,254.75,264.60,259.67,480.00,480.00,480.00,283.10,265.34,0.86,0.96,1.00,1.06,,1.00,330.00,20000.00,20000.00,43.00,569.00,1460.00,1460.00,24.00,0.00,Land,,284.00,,284.00,Omnivore,Arrhythmic?,,,,,,,,,,,,,Polygynous / Polygamous,Solitary,,,No,No,Aquatic
Phocidae,Monachus,schauinslandi,Monachus schauinslandi,173.00,265.00,219,214.20,233.70,223.95,370.00,,370.00,238.54,234.98,0.65,0.91,,1.01,,1.00,330.00,16250.00,16250.00,38.00,38.00,1460.00,1825.00,15.36,0.00,Land,,,360.00,360.00,Omnivore,Nocturnal,,,,36.20,54.70,,,,,,,,Polygamous,Solitary,,,No,No,Aquatic
Phocidae,Monachus,tropicalis,Monachus tropicalis,,160.00,160,233.00,225.62,229.31,460.00,,460.00,269.26,268.13,0.00,1.03,,1.00,,1.00,,,,,,,,18.00,,Land,,,,,Carnivore,,,,,,,,,,,,,,,,,,,No,Aquatic
Herpestidae,Mungos,gambianus,Mungos gambianus,,,1.8,,,35.07,,,9.97,,,,,,,,,,,,,,,,,,Land,,,,,Omnivore,Diurnal,,,,,,,,,,,,,,,,,,,Terrestrial
Herpestidae,Mungos,mungo,Mungos mungo,1.29,1.23,1.26,,,36.35,11.00,10.00,10.50,,,1.04,,1.10,,,3.28,59.00,20.00,65.71,,,,323.00,12.00,9.97,Land,,144.00,,144.00,Insectivore,Diurnal,,,,,,,,,,,,,,Groups,18.00,2.14,,,Terrestrial
Herpestidae,Mungotictis,decemlineata,Mungotictis decemlineata,,,0.8,,,32.37,,,,,,,,,,,1.00,97.50,50.00,50.00,60.00,730.00,,730.00,,0.00,Land,,4.00,,,Insectivore,Diurnal,,,,,,,,,,,,,,Pairs to family clans,7.33,,,,Terrestrial
Mustelidae,Mustela,africana,Mustela africana,,,0,,,31,,,7.02,,,,,,,,,,,,,,,,,,Land,,,,,,,,,,,,,,,,,,,,,,,,,Terrestrial
Mustelidae,Mustela,altaica,Mustela altaica,0.25,0.13,0.19,25.55,23.30,24.42,4.50,4.50,4.50,,,1.92,1.09,1.00,,,5.40,40.00,,,56.00,56.00,,,12.00,,Land,,,,,Carnivore,Nocturnal and Crepuscular,,,,,,,,,,,,,,,,,,,Terrestrial
Mustelidae,Mustela,erminea,Mustela erminea,1.28,0.62,0.95,23.37,19.88,21.62,5.00,3.00,4.00,,,2.06,1.17,1.66,,,6.74,30.00,1.70,11.46,70.00,105.00,365.00,72.64,12.00,35.10,Land,,85.23,84.00,85.23,Carnivore,Arrhythmic,,28.00,26.60,39.75,,,,,,,357.00,,Polygamous,Solitary,6.25,0.21,,Yes,Terrestrial
Mustelidae,Mustela,eversmannii,Mustela eversmannii,2.05,1.35,1.7,46.35,40.50,43.42,,,,,,1.51,1.14,,,,6.50,39.50,5.00,32.50,45.00,90.00,307.50,315.00,12.00,30.00,Land,,,,,Carnivore,Nocturnal,,,,,,,,,,,,,,Solitary,,,,No,Terrestrial
Mustelidae,Mustela,felipei,Mustela felipei,,,0,21.70,,21.7,,,,,,,,,,,,,,,,,,,,,Land,,,,,,,,,,,,,,,,,,,,,,,,,Terrestrial
Mustelidae,Mustela,frenata,Mustela frenata,0.25,0.15,0.2,24.45,21.55,23,4.00,4.00,4.00,,,1.65,1.13,1.00,,,6.60,23.50,3.10,20.46,30.00,84.00,450.00,105.00,12.00,35.87,Land,,85.23,,85.23,Carnivore,Arrhythmic,,16.84,3.44,39.50,,,,,,,182.00,,Polygamous,Solitary,0.76,0.43,,,Terrestrial
Mustelidae,Mustela,kathiah,Mustela kathiah,0.35,0.20,0.28,,,25.99,,,4.01,,,1.78,,,,,,,,,,,,,,,Land,,,,,Carnivore,,,,,,,,,,,,,,,,,,,,Terrestrial
Mustelidae,Mustela,lutreola,Mustela lutreola,0.74,0.44,0.59,35.50,36.00,35.75,9.00,8.00,8.50,63.53,58.17,1.68,0.98,1.12,1.09,,4.50,38.50,7.25,32.62,70.00,97.50,330.00,341.87,12.00,33.00,Land,,,102.00,102.00,Carnivore,Nocturnal and Crepuscular,,,,37.30,,,,,,,255.00,,,Solitary,0.07,0.23,,Yes,Semi-Aquatic
Mustelidae,Mustela,lutreolina,Mustela lutreolina,0.46,,0.46,30.90,,30.9,,,,,,,,,,,,,,,,,,,,,Land,,,,,Carnivore,Nocturnal and Crepuscular,,,,,,,,,,,,,,,,,,,Terrestrial
Mustelidae,Mustela,nigripes,Mustela nigripes,1.02,0.80,0.91,41.80,37.62,39.71,,,8.49,68.00,63.30,1.28,1.11,,1.07,,3.40,43.50,7.40,25.16,60.00,120.00,343.25,343.25,12.00,35.00,Land,,144.00,144.00,144.00,Carnivore,Nocturnal,,,,,,,,,,,,,Polygynous,Solitary,2.00,1.10,,,Terrestrial
Mustelidae,Mustela,nivalis,Mustela nivalis,0.09,0.05,0.07,19.75,18.00,18.87,1.50,1.50,1.50,,,1.77,1.09,1.00,,,5.30,39.50,2.00,10.60,51.85,135.00,218.50,135.00,6.00,29.08,Land,,93.00,120.00,120.00,Carnivore,Arrhythmic,,44.64,3.41,36.60,,,,,,,,,,Solitary,18.36,0.06,,Yes,Terrestrial
Mustelidae,Mustela,nudipes,Mustela nudipes,0.64,0.50,0.57,,,32.68,,,,,,1.29,,,,,4.00,,,,,,,,,,Land,,,,,,,,,,,,,,,,,,,,,,,,,Terrestrial
Mustelidae,Mustela,putorius,Mustela putorius,1.26,0.80,1.03,40.50,31.50,36,9.60,7.00,8.30,,,1.57,1.28,1.37,,,8.47,41.00,9.50,80.54,43.00,70.00,318.00,365.00,12.00,29.08,Land,,168.00,66.00,168.00,Carnivore,Nocturnal,,13.71,14.12,38.73,51.00,15.20,9.98,,,,231.00,,,Solitary,0.10,1.25,,Yes,Terrestrial
Mustelidae,Mustela,sibirica,Mustela sibirica,0.74,0.40,0.57,33.50,27.87,30.68,7.50,6.00,6.75,,,1.85,1.20,1.25,,,6.00,29.00,,,56.00,90.00,,,,27.94,Land,,106.00,,106.00,Carnivore,Nocturnal and Crepuscular,,,,,,,,,,,,,,Solitary,,4.50,,Yes,Terrestrial
Mustelidae,Mustela,strigidorsa,Mustela strigidorsa,,,1.5,,,28.73,,,,,,,,,,,,,,,,,,,,,Land,,,,,,,,,,,,,,,,,,,,,,,,,Terrestrial
Mustelidae,Mustela,vison,Mustela vison,1.21,0.61,0.91,38.00,35.00,36.5,10.00,7.00,8.50,,,1.98,1.08,1.42,,,5.00,29.00,9.00,45.00,54.75,120.00,408.75,420.00,12.00,35.16,Land,,120.00,120.00,120.00,Carnivore,Nocturnal,,13.05,11.88,40.00,48.00,13.86,8.96,,,,,,Polygamous,Solitary,2.50,2.70,,Yes,Semi-Aquatic
Mustelidae,Mydaus,javanensis,Mydaus javanensis,,,2.5,,,44.25,,,19.49,,,,,,,,,,,,,,,,,,Land,,,,,Omnivore,Nocturnal,,,,,,,,,,,,,,,,,,,Terrestrial
Mustelidae,Mydaus,marchei,Mydaus marchei,,,2.5,,,39.07,,,14.43,,,,,,,,,,,,,,,,,,Land,,,,,,Arrhythmic,,,,,,,,,,,,,,,,,,,Terrestrial
Viverridae,Nandinia,binotata,Nandinia binotata,2.04,1.90,1.97,,,50,17.60,17.00,17.30,,,1.07,,1.03,,,1.80,64.00,56.00,100.80,64.00,,1095.00,907.50,6.00,,Land,,222.00,,222.00,Frugivore,Nocturnal,,3.93,7.75,37.40,,,,,,,,,,Solitary,5.00,0.72,,Yes,Terrestrial
Procyonidae,Nasua,narica,Nasua narica,4.78,4.14,4.46,60.70,51.50,56.1,37.00,37.00,37.00,,,1.15,1.17,1.00,,,4.00,73.50,140.00,560.00,130.00,365.00,1186.25,875.00,12.00,5.00,Land,,212.00,168.00,212.00,Omnivore,Diurnal,,8.61,38.42,38.85,,,,,,,,,Polygynous,Groups,26.00,0.60,,Yes,Terrestrial
Procyonidae,Nasua,nasua,Nasua nasua,3.97,3.45,3.71,,,54.9,,,29.96,,,1.15,,,,,4.18,73.50,150.00,628.12,135.00,,,730.00,12.00,8.00,Land,,121.00,168.00,168.00,Omnivore,Diurnal,,4.92,18.28,38.71,39.50,11.90,6.70,,,,70.00,,,Groups,17.80,1.05,,No,Terrestrial
Procyonidae,Nasuella,olivacea,Nasuella olivacea,,,0,38.30,39.40,38.85,,,27.93,,,,0.97,,,,,,,,,,,,,,Land,,18.00,,,Omnivore,Diurnal?,,,,,,,,,,,,,,,,,,,Terrestrial
Felidae,Neofelis,nebulosa,Neofelis nebulosa,12.00,9.45,10.72,,,84.1,,,68.71,,,1.26,,,,,2.54,89.75,166.50,422.91,145.00,,765.00,721.50,,9.25,Land,,204.00,,204.00,Carnivore,Arrhythmic,,,,,40.90,12.85,7.26,,,,,,,,,,,,Terrestrial
Otariidae,Neophoca,cinerea,Neophoca cinerea,300.00,78.55,189.27,212.50,148.20,180.35,440.00,337.50,388.75,299.69,244.23,3.81,1.43,1.30,1.22,,1.00,255.00,7000.00,7000.00,540.00,,2190.00,1095.00,18.00,0.00,Land,,100.00,192.00,192.00,Omnivore,Arrhythmic,,,,,56.28,19.00,5.53,,,,120.00,,Polygynous,,,,No,No,Aquatic
Canidae,Nyctereutes,procyonoides,Nyctereutes procyonoides,3.74,4.68,4.21,46.70,43.04,44.87,,,28.50,109.10,108.32,0.79,1.08,,1.00,,6.00,61.50,83.75,502.50,53.50,150.00,327.85,313.92,12.00,9.50,Land,,128.00,168.00,168.00,Omnivore,Nocturnal,,6.87,28.98,,,,,,,,122.00,,Monogamous,Pairs,12.02,0.89,,No,Terrestrial
Odobenidae,Odobenus,rosmarus,Odobenus rosmarus,1232.95,811.50,1022.22,315.75,260.00,287.87,1303.00,1340.50,1160.87,361.50,329.25,1.51,1.21,0.97,1.09,,1.00,330.00,59090.90,59090.90,720.00,730.00,3285.00,2372.50,24.00,0.00,Pack-ice,,426.13,480.00,480.00,Omnivore,Arrhythmic,,,,36.60,46.00,16.47,3.26,23.40,,106.00,55.00,,Polygynous,,1.27,,Yes,No,Aquatic
Phocidae,Ommatophoca,rossii,Ommatophoca rossii,173.80,185.00,179.4,199.00,214.60,206.8,425.00,530.00,477.50,241.54,222.84,0.93,0.92,0.80,1.08,,1.00,247.50,17000.00,17000.00,28.00,28.00,1277.50,1323.12,12.00,0.00,Pack-ice,,,252.00,252.00,Cephalopods,Crepuscular?,,,,37.80,,,,,,132.20,151.00,,Polygamous,Solitary,0.16,,Yes?,No,Aquatic
Felidae,Oncifelis,colocolo,Oncifelis colocolo,,,4.92,,,61.5,,,33.11,,,,,,,,2.00,,,,,,,,,,Land,,,,,Carnivore,Nocturnal,,,,,,,,,,,,,,,,,,,Terrestrial
Felidae,Oncifelis,geoffroyi,Oncifelis geoffroyi,2.20,2.20,2.2,59.00,56.05,57.52,32.50,35.50,34.00,,,1.00,1.05,0.91,,,2.00,69.50,65.00,130.00,63.00,,720.00,480.00,8.00,14.00,Land,,,,,Carnivore,Nocturnal,,,,,,,,,,,,,,,,,,,Terrestrial
Felidae,Oncifelis,guigna,Oncifelis guigna,,,2.5,,,43.06,,,24.04,,,,,,,,,,,,,,,,,,Land,,,,,Carnivore,Nocturnal,,,,,,,,,,,,,,,,,,,Terrestrial
Felidae,Oreailurus,jacobita,Oreailurus jacobita,,,7.21,,,60.09,,,,,,,,,,,,,,,,,,,,,Land,,,,,Carnivore,,,,,,,,,,,,,,,,,,,,Terrestrial
Viverridae,Osbornictis,piscivora,Osbornictis piscivora,1.43,1.50,1.46,47.00,44.50,45.75,,,,,,0.95,1.05,,,,1.00,,,,,,,,,,Land,,,,,Carnivore,Nocturnal,,,,,,,,,,,,,,Solitary,,,,,Semi-Aquatic
Otariidae,Otaria,byronia,Otaria byronia,300.00,144.00,222,234.87,188.86,211.86,546.25,470.00,508.12,330.41,274.40,2.08,1.24,1.16,1.20,,1.00,255.00,12820.00,12820.00,365.00,,2007.50,1460.00,12.00,0.00,Land,,274.00,240.00,274.00,Omnivore,,,,,,,,,,,,,,Polygynous,Groups,,,No,No,Aquatic
Felidae,Otocolobus,manul,Otocolobus manul,3.05,,3.05,,,57.5,,,34.46,,,,,,,,4.66,74.50,89.00,415.33,,,,,,,Land,,,,,Carnivore,Nocturnal,,,,,,,,,,,,,,Solitary,,,,,Terrestrial
Canidae,Otocyon,megalotis,Otocyon megalotis,4.12,4.07,4.09,,,53.92,29.10,24.50,26.80,,,1.01,,1.18,,,3.50,62.50,120.50,421.75,105.00,255.00,,365.00,6.00,,Land,,165.00,,165.00,Insectivore,Arrhythmic,,,,,46.00,13.00,6.60,,,,,,Monogamous,Pairs,0.85,1.50,,,Terrestrial
Viverridae,Paguma,larvata,Paguma larvata,4.40,5.00,4.7,,,63.5,32.10,29.50,30.80,,,0.88,,1.08,,,2.34,,,,,,,,6.00,9.03,Land,,185.00,,185.00,Omnivore,Nocturnal,,,,,,,,,,,,,,Solitary,,,,,Terrestrial
Felidae,Panthera,leo,Panthera leo,176.10,135.50,155.8,195.00,157.50,176.25,228.00,219.00,223.50,,,1.29,1.23,1.04,,,2.60,105.50,1650.00,4290.00,256.87,1080.00,1422.05,1620.00,25.00,3.00,Land,,360.00,162.00,360.00,Carnivore,Nocturnal,,2.93,457.01,,37.65,13.50,8.05,,,,40.00,,Polygynous,Groups,0.09,210.00,,Yes,Terrestrial
Felidae,Panthera,onca,Panthera onca,94.80,77.60,86.2,145.40,121.72,133.56,154.00,149.00,151.50,,,1.22,1.19,1.03,,,2.50,104.50,816.60,2041.50,157.50,638.75,1277.50,1110.00,12.00,8.00,Land,,276.00,264.00,276.00,Carnivore,Nocturnal,,3.06,264.34,,37.00,13.00,7.48,,,,,,,Solitary,0.06,70.58,No,Yes,Terrestrial
Felidae,Panthera,pardus,Panthera pardus,65.50,39.30,52.4,,,135.5,139.00,112.00,125.50,,,1.66,,1.24,,,2.60,98.00,549.30,1428.18,124.25,600.00,600.00,1187.00,19.32,9.03,Land,,276.00,,276.00,Carnivore,Nocturnal and Crepuscular,,,,,38.90,12.80,7.67,,,,60.00,,,Solitary,0.04,23.60,,Yes,Terrestrial
Felidae,Panthera,tigris,Panthera tigris,191.00,131.00,161,191.53,163.30,177.42,311.60,247.00,279.30,,,1.45,1.17,1.26,,,2.50,104.10,1255.00,3137.50,165.00,570.00,1642.50,1463.33,28.31,9.03,Land,,315.00,312.00,315.00,Carnivore,Nocturnal,,2.95,474.95,,40.53,13.58,7.09,,,,64.00,,Polygynous,Solitary,0.03,75.00,,Yes,Terrestrial
Herpestidae,Paracynictis,selousi,Paracynictis selousi,1.76,1.64,1.7,,,42.91,16.10,15.50,15.80,,,1.07,,1.03,,,1.91,,,,,,,,,,Land,,1.00,,,Insectivore,Nocturnal,,,,,,,,,,,,,,Solitary to Pairs,,,,,Terrestrial
Viverridae,Paradoxurus,hermaphroditus,Paradoxurus hermaphroditus,3.30,2.70,3,,,53.38,18.50,18.50,18.50,,,1.22,,1.00,,,3.30,60.00,92.07,303.84,,,,345.00,6.00,,Land,,269.00,264.00,269.00,Omnivore,Nocturnal,,3.75,11.26,36.45,40.00,12.30,10.30,,,,,,,Solitary,,0.01,,,Terrestrial
Viverridae,Paradoxurus,jerdoni,Paradoxurus jerdoni,,,3.58,,,58.99,,,24.04,,,,,,,,,,,,,,,,,,Land,,,,,Omnivore,Nocturnal,,,,,,,,,,,,,,,,,,,Terrestrial
Viverridae,Paradoxurus,zeylonensis,Paradoxurus zeylonensis,3.30,2.30,2.8,,,48.88,18.10,17.50,17.80,,,1.43,,1.03,,,2.50,,,,,,,,,,Land,,,,,Omnivore,Nocturnal,,,,,,,,,,,,,,,,,,,Terrestrial
Hyaenidae,Parahyaena,brunnea,Parahyaena brunnea,42.70,43.90,43.3,,,120,104.00,110.00,107.00,,,0.97,,0.94,,,2.30,97.00,693.00,1593.90,360.00,900.00,,700.00,17.50,14.00,Land,,156.00,156.00,156.00,Omnivore,Nocturnal,,,,,40.00,13.20,7.00,,,,,,Polygamous,Solitary or Groups,0.15,208.75,,Yes,Terrestrial
Felidae,Pardofelis,marmorata,Pardofelis marmorata,,,3.25,,,51.8,,,30.87,,,,,,,,2.00,,85.00,170.00,,,,,,,Land,,,,,Carnivore,Nocturnal,,,,,,,,,,,,,,,,,,,Terrestrial
Phocidae,Phoca,caspica,Phoca caspica,70.50,55.00,62.75,150.00,136.40,143.2,165.00,160.00,149.65,184.48,178.12,1.28,1.09,1.03,1.03,,1.00,330.00,5000.00,5000.00,31.50,31.50,2372.50,1825.00,12.00,0.00,Fast-ice,,,600.00,600.00,Carnivore,,,,,,,,,,,,,,Monogamous?,Pairs,1.47,,Yes,No,Aquatic
Phocidae,Phoca,fasciata,Phoca fasciata,94.80,80.35,87.57,153.00,154.70,153.85,257.50,240.00,248.75,192.68,189.29,1.17,0.98,1.07,1.01,,1.00,234.00,10000.00,10000.00,28.00,28.00,1642.50,1277.75,12.00,0.00,Pack-ice,,365.26,360.00,365.26,Omnivore,,,,,,66.80,24.48,4.49,34.20,1.39,132.00,,,Polygamous,Solitary,,,Yes?,No,Aquatic
Phocidae,Phoca,groenlandica,Phoca groenlandica,135.00,129.50,132.25,176.00,169.30,172.65,297.50,252.50,276.50,213.20,199.33,1.04,1.03,1.17,1.06,,1.00,232.50,10150.00,10150.00,12.00,16.50,2463.75,1825.00,12.00,0.00,Pack-ice,,426.13,504.00,504.00,Omnivore,,,3.10,410.01,36.00,59.00,22.10,5.11,,,,116.75,,Monogamous,Groups,0.09,,Yes,No,Aquatic
Phocidae,Phoca,hispida,Phoca hispida,71.66,66.50,69.08,129.30,128.90,129.1,229.25,220.00,189.31,171.43,163.97,1.07,1.00,1.04,1.04,,1.00,225.00,4500.00,4500.00,49.00,49.00,2528.92,2190.00,12.00,0.00,Fast-ice,,523.53,552.00,552.00,Omnivore,Crepuscular,,3.09,213.54,38.25,61.80,24.45,5.24,30.58,,230.00,85.00,,Monogamous,Solitary,0.95,,No,No,Aquatic
Phocidae,Phoca,largha,Phoca largha,97.00,86.00,91.5,168.95,159.00,163.97,257.50,250.00,253.75,215.24,205.87,1.12,1.06,1.03,1.04,,1.00,248.00,8300.00,8300.00,28.00,28.00,1642.50,1460.00,12.00,0.00,Pack-ice,,426.13,420.00,426.13,Omnivore,Arrhythmic,,6.52,597.41,,54.45,18.00,4.70,,,,,,Monogamous,Pairs,,,Yes,No,Aquatic
Phocidae,Phoca,sibirica,Phoca sibirica,89.50,89.50,89.5,130.00,125.35,127.67,185.00,190.00,187.50,166.83,163.33,1.00,1.03,0.97,1.02,,1.00,270.00,3050.00,3050.00,70.00,72.50,2007.50,1642.50,12.00,0.00,Fast-ice,,,672.00,672.00,Carnivore,Nocturnal and Crepuscular,,,,,62.92,18.00,5.50,,,,,,Polygamous,Solitary,1.58,,Yes,No,Aquatic
Phocidae,Phoca,vitulina,Phoca vitulina,97.13,77.50,87.31,171.51,151.80,161.65,362.25,265.00,275.00,223.94,190.41,1.25,1.12,1.36,1.17,,1.00,247.75,10150.00,10150.00,38.50,38.50,1916.25,1277.50,12.00,0.00,Pack-ice,,426.13,480.00,480.00,Carnivore,Arrhythmic,,6.17,539.18,37.50,53.00,18.35,5.35,29.25,1.32,161.69,98.75,,Polygamous,Solitary,5.68,,No,No,Aquatic
Otariidae,Phocarctos,hookeri,Phocarctos hookeri,364.00,183.00,273.5,225.00,180.00,202.5,417.50,370.00,393.75,263.84,238.36,1.98,1.25,1.12,1.10,,1.00,,,,300.00,365.00,2190.00,,12.00,0.00,Land,,,,,Omnivore,,,,,,,,,,,,,,Polygynous,,,,No,No,Aquatic
Mustelidae,Poecilogale,albinucha,Poecilogale albinucha,0.35,0.25,0.3,,,30.5,5.10,4.50,4.80,,,1.40,,1.13,,,2.00,32.00,4.00,8.00,77.00,,990.00,335.50,8.00,32.14,Land,,62.00,,62.00,Carnivore,Nocturnal,,,,,,,,,,,,,,Solitary,,,,,Terrestrial
Viverridae,Poiana,richardsonii,Poiana richardsonii,,,0.65,,,38,,,9.02,,,,,,,,2.50,,,,,,,,,,Land,,64.00,,64.00,Omnivore,Nocturnal,,,,,,,,,,,,,,,1.00,,,,Terrestrial
Procyonidae,Potos,flavus,Potos flavus,2.20,2.00,2.1,61.25,47.30,54.27,27.00,24.00,25.50,87.10,84.20,1.10,1.29,1.12,1.03,,1.25,112.00,170.50,213.12,120.00,160.00,547.50,860.62,12.00,16.95,Land,,283.00,348.00,348.00,Frugivore,Nocturnal,,5.66,11.90,36.20,47.00,15.80,7.10,,,,77.45,,,Solitary,41.17,0.08,,No,Terrestrial
Felidae,Prionailurus,bengalensis,Prionailurus bengalensis,3.30,2.25,2.77,,,68.52,30.10,28.50,29.30,,,1.46,,1.05,,,2.50,67.30,83.00,207.50,25.00,,912.50,750.00,5.44,9.97,Land,,150.00,162.00,162.00,Carnivore,Nocturnal,,,,,39.00,13.70,7.90,,,,,,,Pairs,,,,,Terrestrial
Felidae,Prionailurus,planiceps,Prionailurus planiceps,,,1.85,,,47.63,,,21.97,,,,,,,,,,,,,,,,,,Land,,,,,Carnivore,Nocturnal,,,,,,,,,,,,,,,,,,,Terrestrial
Felidae,Prionailurus,rubiginosus,Prionailurus rubiginosus,1.61,1.25,1.43,,,40.72,19.00,19.00,19.00,,,1.28,,1.00,,,2.50,,,,,,,,,,Land,,,,,Carnivore,Nocturnal,,,,,,,,,,,,,,,,,,,Terrestrial
Felidae,Prionailurus,viverrinus,Prionailurus viverrinus,11.30,6.30,8.8,,,78,47.50,45.50,46.50,,,1.79,,1.04,,,2.50,68.50,170.00,425.00,180.00,,,,,16.00,Land,,120.00,,120.00,Carnivore,Arrhythmic,,,,,,,,,,,,,,Solitary,,,,,Terrestrial
Viverridae,Prionodon,linsang,Prionodon linsang,0.62,0.72,0.67,,,40.03,9.00,8.00,8.50,,,0.86,,1.12,,,2.50,,40.00,100.00,,,,,6.00,,Land,,128.00,,128.00,Omnivore,Nocturnal,,,,,,,,,,,,,,,,,,,Terrestrial
Viverridae,Prionodon,pardicolor,Prionodon pardicolor,,,2.55,,,35.42,,,9.02,,,,,,,,2.00,,,,,,,,6.00,,Land,,,,,Omnivore,Nocturnal,,,,,,,,,,,,,,,,,,,Terrestrial
Procyonidae,Procyon,cancrivorus,Procyon cancrivorus,7.63,6.27,6.95,,,60.18,,,61.55,,,1.21,,,,,2.75,66.50,70.00,192.50,112.00,365.00,,547.50,,21.00,Land,,,168.00,168.00,Omnivore,Nocturnal,,6.66,46.33,,,,,,,,,,,,,,,,Terrestrial
Procyonidae,Procyon,gloveralleni,Procyon gloveralleni,,,0,,,0,,,36.59,,,,,,,,,,,,,,,,,,Land,,,,,,,,,,,,,,,,,,,,,,,,,Terrestrial
Procyonidae,Procyon,insularis,Procyon insularis,,,0,,,57.82,,,39.64,,,,,,,,,,,,,,,,,,Land,,,,,,,,,,,,,,,,,,,,,,,,,Terrestrial
Procyonidae,Procyon,lotor,Procyon lotor,6.42,6.32,6.37,48.95,49.00,48.97,41.00,39.00,40.00,110.05,102.65,1.01,0.99,1.05,1.07,,3.80,64.70,105.90,402.42,119.00,317.50,365.00,540.00,12.00,20.91,Land,,247.00,174.00,247.00,Omnivore,Nocturnal and Crepuscular,,5.25,33.46,38.50,39.50,11.47,10.00,,,,,,Polygynous,Solitary,4.16,10.93,,Yes,Terrestrial
Procyonidae,Procyon,maynardi,Procyon maynardi,,,0,,,47.34,,,36.23,,,,,,,,,,,,,,,,,,Land,,,,,,,,,,,,,,,,,,,,,,,,,Terrestrial
Procyonidae,Procyon,minor,Procyon minor,,,0,,,0,,,38.86,,,,,,,,,,,,,,,,,,Land,,,,,,,,,,,,,,,,,,,,,,,,,Terrestrial
Procyonidae,Procyon,pygmaeus,Procyon pygmaeus,,,3.5,,,42.83,,,32.13,,,,,,,,,,,,,,,,,,Land,,,,,,,,,,,,,,,,,,,,,,,,,Terrestrial
Felidae,Profelis,aurata,Profelis aurata,,,11.94,,,80,,,57.97,,,,,,,,2.25,78.00,211.25,475.31,120.00,,600.00,660.00,,,Land,,,,,Carnivore,Arrhythmic,,,,,,,,,,,,,,Solitary,,,,,Terrestrial
Hyaenidae,Proteles,cristatus,Proteles cristatus,8.32,8.36,8.34,70.00,70.00,70,34.10,36.50,35.30,,,0.99,1.00,0.93,,,2.80,90.00,275.00,770.00,120.00,365.00,,547.50,,,Land,,300.00,180.00,300.00,Insectivore,Nocturnal,,4.23,35.30,37.00,,,,,,,,,Polygamous,Solitary or Pairs,1.00,2.00,,Yes,Terrestrial
Canidae,Pseudalopex,culpaeus,Pseudalopex culpaeus,9.71,7.51,8.61,73.80,70.70,72.25,52.00,51.00,51.50,,,1.29,1.04,1.01,,,5.00,57.50,168.00,840.00,48.50,,365.00,365.00,12.00,,Land,,,,,Carnivore,Nocturnal,,,,,,,,,,,,,Monogamous,Solitary,1.01,8.75,,,Terrestrial
Canidae,Pseudalopex,griseus,Pseudalopex griseus,,,6.33,,,51.8,,,37.71,,,,,,,,,,,,,,,,,,Land,,,,,Omnivore,Arrhythmic,,,,,,,,,,,,,,,,,,,Terrestrial
Canidae,Pseudalopex,gymnocercus,Pseudalopex gymnocercus,4.60,4.20,4.4,,,62.1,40.00,40.00,40.00,,,1.09,,1.00,,,4.00,58.00,,,,,,,12.00,,Land,,164.00,,164.00,Omnivore,Nocturnal,,,,,,,,,,,,,,Solitary,,,,,Terrestrial
Canidae,Pseudalopex,sechurae,Pseudalopex sechurae,,,4.48,,,56.05,,,30.87,,,,,,,,,,,,,,,,,,Land,,,,,Omnivore,Nocturnal,,,,,,,,,,,,,,,,,,,Terrestrial
Canidae,Pseudalopex,vetulus,Pseudalopex vetulus,,,3.35,,,60.18,,,,,,,,,,,3.00,,,,,,,,12.00,,Land,,,,,Omnivore,,,,,,,,,,,,,,,,,,,,Terrestrial
Mustelidae,Pteronura,brasiliensis,Pteronura brasiliensis,28.00,24.00,26,,,114.13,,,85.62,,,1.16,,,,,2.25,67.50,204.25,459.56,120.00,,,,12.00,28.00,Land,,154.00,,154.00,Carnivore,Diurnal,,,,,,,,,,,,,,Groups,,113.09,,Yes,Semi-Aquatic
Felidae,Puma,concolor,Puma concolor,64.00,39.60,51.8,151.62,128.47,140.05,132.00,119.00,125.50,193.20,162.00,1.61,1.18,1.10,1.19,,2.50,90.00,400.00,1000.00,75.00,420.00,885.00,913.00,19.00,8.00,Land,,240.00,240.00,240.00,Carnivore,Arrhythmic,,4.27,221.67,,41.50,15.40,10.25,,,,60.00,,Polygynous,Solitary,0.02,173.12,,Yes,Terrestrial
Herpestidae,Rhynchogale,melleri,Rhynchogale melleri,2.31,1.92,2.11,,,46.09,,,16.94,,,1.20,,,,,2.00,,,,,,,,,,Land,,,,,Omnivore,Nocturnal,,,,,,,,,,,,,,Solitary,,,,,Terrestrial
Herpestidae,Salanoia,concolor,Salanoia concolor,,,0.77,,,32,,,11.02,,,,,,,,,,,,,,,,,,Land,,57.00,,57.00,Insectivore,Diurnal,,,,,,,,,,,,,,Solitary or Pairs,,,,,Terrestrial
Canidae,Speothos,venaticus,Speothos venaticus,5.33,8.00,6.66,,,66.38,39.50,41.50,40.50,,,0.66,,0.95,,,3.50,65.00,157.50,551.25,169.50,,365.00,365.00,8.11,14.00,Land,,124.00,,124.00,Carnivore,Diurnal,,,,,48.00,13.80,5.63,,,,,,,Groups,,,,,Terrestrial
Mustelidae,Spilogale,putorius,Spilogale putorius,0.67,0.43,0.55,31.77,28.30,30.03,5.00,5.00,5.00,58.85,55.61,1.55,1.12,1.00,1.05,,4.85,30.00,15.90,77.11,56.00,,150.00,217.50,8.00,30.07,Land,,120.00,,120.00,Omnivore,Nocturnal,,7.91,4.35,36.50,,,,,,,,,,,5.00,0.64,,Yes,Terrestrial
Mustelidae,Spilogale,pygmaea,Spilogale pygmaea,,0.36,0.36,,,0,,,,,,0.00,,,,,4.00,48.00,6.90,27.60,,,,,,28.00,Land,,,,,Omnivore,Nocturnal and Crepuscular,,,,,,,,,,,,,,,,,,,Terrestrial
Herpestidae,Suricata,suricatta,Suricata suricatta,0.74,0.72,0.73,,,28.65,10.60,10.00,10.92,,,1.02,,1.06,,,3.00,77.00,30.50,91.50,56.00,,365.00,365.00,12.00,12.94,Land,,150.00,150.00,150.00,Insectivore,Diurnal,,6.16,4.50,36.80,,,,,,,109.60,,Monogamous,Groups,,15.50,,Yes,Terrestrial
Mustelidae,Taxidea,taxus,Taxidea taxus,8.59,5.62,4.05,,,56,49.50,48.50,49.00,,,1.52,,1.02,,,3.12,42.00,93.20,291.25,42.00,365.00,448.12,317.50,12.00,35.00,Land,,312.00,168.00,312.00,Carnivore,Nocturnal,,5.33,21.60,37.80,43.10,15.60,,,,,101.50,,,Solitary,2.44,4.10,,Yes,Terrestrial
Ursidae,Tremarctos,ornatus,Tremarctos ornatus,161.25,55.50,108.37,190.00,,167.62,,,219.20,,,2.90,,,,,2.00,225.00,320.00,640.00,,,,,,,Land,,437.00,,437.00,Folivore / Frugivore,Nocturnal and Crepuscular,,,,,38.00,11.00,7.70,,,,,,,Solitary,,,,,Terrestrial
Felidae,Uncia,uncia,Uncia uncia,32.50,32.50,32.5,,,115,106.00,98.00,102.00,173.50,160.00,1.00,,1.08,1.08,,2.12,96.80,442.60,939.78,102.00,,,730.00,12.00,7.03,Land,,216.00,120.00,216.00,Carnivore,Arrhythmic,,,,,34.00,11.10,9.06,,,,,,,Solitary,0.07,50.25,,Yes,Terrestrial
Canidae,Urocyon,cinereoargenteus,Urocyon cinereoargenteus,4.10,3.30,3.7,,,60.35,42.10,39.50,40.80,,,1.24,,1.06,,,3.80,63.00,107.50,408.50,60.00,210.00,365.00,300.00,12.00,9.75,Land,,180.00,180.00,180.00,Omnivore,Nocturnal and Crepuscular,,,,,36.50,10.90,5.73,,,,,,Monogamous,Pairs,2.39,2.08,,,Terrestrial
Canidae,Urocyon,littoralis,Urocyon littoralis,1.95,1.89,1.92,48.45,46.07,47.26,,,27.66,99.40,96.41,1.02,1.05,,1.03,,2.17,51.50,100.00,217.00,,150.00,,313.50,12.00,10.50,Land,,,96.00,96.00,Omnivore,Nocturnal and Crepuscular,,,,,,,,,,,,,,Pairs,3.94,15.56,,,Terrestrial
Ursidae,Ursus,americanus,Ursus americanus,124.00,97.00,110.5,148.50,128.50,138.5,290.00,228.00,259.00,,,1.27,1.15,1.27,,,2.50,91.00,285.00,712.50,168.00,483.00,1642.50,1452.54,27.00,38.86,Land,,312.00,360.00,360.00,Folivore,Diurnal,,3.67,406.08,38.17,50.15,16.23,7.96,,,,75.00,,Polygamous,Solitary,0.44,42.00,,No,Terrestrial
Ursidae,Ursus,arctos,Ursus arctos,213.00,111.85,162.42,158.15,139.55,148.85,337.60,339.00,338.30,364.71,319.71,1.90,1.13,0.99,1.14,,2.00,63.00,482.14,964.28,730.00,912.50,1432.62,1544.47,30.00,31.82,Land,,600.00,306.00,600.00,Omnivore,Arrhythmic,,2.13,346.51,37.40,49.00,17.10,7.04,,,,45.00,,Polygamous,Solitary,0.02,305.00,,No,Terrestrial
Ursidae,Ursus,maritimus,Ursus maritimus,410.00,320.00,365,219.85,179.85,199.85,554.00,365.00,459.50,384.05,339.95,1.28,1.22,1.51,1.12,,1.90,62.00,641.60,1219.04,776.00,821.00,2190.00,1604.47,24.68,34.12,Land,,458.00,330.00,458.00,Carnivore,Diurnal,,2.02,739.10,37.20,54.50,19.70,8.33,,,,52.25,,Polygamous,Solitary,0.01,19992.89,,,Terrestrial
Ursidae,Ursus,thibetanus,Ursus thibetanus,130.10,77.50,103.8,,,151.02,327.00,298.00,312.50,,,1.67,,1.09,,,2.00,210.00,357.50,715.00,119.00,912.50,1095.00,1186.00,12.00,7.03,Land,,422.00,300.00,422.00,Folivore / Frugivore,Arrhythmic,,,,,43.50,14.95,6.21,,,,,,,Solitary,,0.92,,Yes,Terrestrial
Viverridae,Viverra,civettina,Viverra civettina,,,12.06,,,84.55,,,36.96,,,,,,,,,,,,,,,,,,Land,,,,,Omnivore,Nocturnal,,,,,,,,,,,,,,,,,,,Terrestrial
Viverridae,Viverra,megaspila,Viverra megaspila,,,8.87,,,84.55,,,36.59,,,,,,,,,,,,,,,,,,Land,,,,,Omnivore,Nocturnal,,,,,,,,,,,,,,,,,,,Terrestrial
Viverridae,Viverra,tangalunga,Viverra tangalunga,,,4.71,,,65.77,,,24.04,,,,,,,,2.00,,,,,,,,,,Land,,144.00,,144.00,Omnivore,Nocturnal,,,,,,,,,,,,,,Solitary,,,,,Terrestrial
Viverridae,Viverra,zibetha,Viverra zibetha,9.60,9.00,9.3,,,81.91,37.50,36.50,37.00,,,1.06,,1.02,,,2.80,77.00,,,,,,,6.00,9.97,Land,,240.00,,240.00,Omnivore,Nocturnal,,,,,,,,,,,,,,Solitary,,,,,Terrestrial
Viverridae,Viverricula,indica,Viverricula indica,2.83,2.49,2.66,,,54,16.60,17.00,16.80,,,1.13,,0.97,,,3.80,,,,,,,,,,Land,,102.00,,102.00,Omnivore,Nocturnal,,,,,,,,,,,,,,Solitary or Pairs,,,,,Terrestrial
Mustelidae,Vormela,peregusna,Vormela peregusna,0.67,0.53,0.6,31.00,31.50,33.02,5.60,4.00,4.80,,,1.26,0.98,1.40,,,6.00,61.50,,,,,,,12.00,,Land,,107.00,,107.00,Carnivore,Crepuscular,,,,,,,,,,,,,,Solitary,,,,,Terrestrial
Canidae,Vulpes,bengalensis,Vulpes bengalensis,3.00,1.80,2.4,,,52.32,27.10,24.50,25.80,,,1.66,,1.10,,,3.50,52.00,58.50,204.75,,,,,,,Land,,,120.00,120.00,Omnivore,Nocturnal and Crepuscular,,,,,,,,,,,,,,Pairs?,,,,,Terrestrial
Canidae,Vulpes,cana,Vulpes cana,1.03,0.94,0.98,42.39,43.05,42.72,,,,,,1.09,0.98,,,,2.00,55.00,29.00,58.00,45.00,150.00,,330.00,,,Land,,,72.00,72.00,Omnivore,Nocturnal,,,,,,,,,,,,,Monogamous,Pairs,1.25,1.42,,,Terrestrial
Canidae,Vulpes,chama,Vulpes chama,2.87,2.90,2.88,,,53.37,34.00,33.00,33.50,,,0.98,,1.03,,,4.00,51.50,,,,,,270.00,,,Land,,,,,Omnivore,Nocturnal,,,,,,,,,,,,,Monogamous,Solitary to Pairs,,,,,Terrestrial
Canidae,Vulpes,corsac,Vulpes corsac,,,2.85,,,58,,,29.96,,,,,,,,5.62,52.87,63.75,358.27,,,,888.75,12.00,,Land,,,,,Omnivore,Nocturnal,,,,,,,,,,,,,,Pairs to Groups,,,Yes,No,Terrestrial
Canidae,Vulpes,ferrilata,Vulpes ferrilata,7.00,,5,,,60.18,,,43.81,,,,,,,,3.50,52.00,90.00,315.00,56.00,,,365.00,,,Land,,,,,Carnivore,,,,,,,,,,,,,,,,,,,,Terrestrial
Canidae,Vulpes,pallida,Vulpes pallida,,,2.5,,,43.05,,,25.02,,,,,,,,4.00,,,,,,,,,,Land,,,,,Omnivore,Nocturnal,,,,,,,,,,,,,,,,,,,Terrestrial
Canidae,Vulpes,rueppelli,Vulpes rueppelli,,,2.37,,,46,,,24.28,,,,,,,,2.25,,,,,,,,,,Land,,,,,Carnivore,Nocturnal,,,,,,,,,,,,,Monogamous,Groups,,49.75,,,Terrestrial
Canidae,Vulpes,velox,Vulpes velox,2.20,1.97,2.08,51.52,49.53,50.53,,,32.13,112.68,111.84,1.11,1.03,,1.00,,4.50,51.50,39.95,179.77,49.00,150.00,313.50,660.00,12.00,12.50,Land,,240.00,144.00,240.00,Carnivore,Nocturnal,,8.89,18.57,39.00,46.90,14.90,8.40,,,,140.00,,Monogamous,Pairs,0.45,6.04,,No,Terrestrial
Canidae,Vulpes,vulpes,Vulpes vulpes,4.30,3.90,4.1,64.70,61.10,62.9,44.00,43.00,43.50,142.08,135.58,1.10,1.05,1.02,1.04,,4.80,54.50,105.00,504.00,56.00,225.00,304.16,300.00,12.00,14.01,Land,,180.00,103.20,180.00,Carnivore,Nocturnal,,8.75,35.87,39.31,48.10,13.63,9.01,,,,124.80,,Monogamous,Pairs,5.94,11.98,,Yes,Terrestrial
Canidae,Vulpes,zerda,Vulpes zerda,1.50,1.50,1.5,,,37.53,17.10,17.50,17.30,,,1.00,,0.97,,,2.80,54.30,34.80,97.44,66.00,,315.00,255.00,12.00,16.95,Land,,175.00,,175.00,Omnivore,Nocturnal,,6.00,9.00,37.95,42.30,14.50,,,,,88.05,,Monogamous,Groups,,,,Yes,Terrestrial
Otariidae,Zalophus,californianus,Zalophus californianus,300.00,91.00,195.5,225.00,180.00,202.5,405.00,361.50,379.12,287.24,232.96,3.29,1.25,1.12,1.23,,1.00,240.00,6000.00,6000.00,365.00,,3285.00,2099.00,12.00,0.00,Land,,360.00,336.00,360.00,Omnivore,Arrhythmic,,,,37.50,45.00,15.30,4.40,19.55,1.35,126.85,95.00,,Polygynous,,0.50,,Yes,No,Aquatic